CityCode,WellnessCenterCode,Category,DoctorCount,Latitude,Longitude,WellnessCentreName,CityName,WellnessCenterNumber,WellnessCenterAddress
10,AH06,Allopathy,0,23.0356007703748,72.5694600171908,Unknown,Ahmedabad,079-26577393,"3rd  Floor, S.R.House, Opp. Mount Carmel School, Ashram Road, Ahmedabad- 380009"
10,AH07,Allopathy,3,23.207968,72.648354,Unknown,Ahmedabad,079-23243433,"Sec-8, GH-1 A705/1,2,3 & 4,  Opp. Sector 8 garden, Near sector 7-8 bus stand, Gandhinagar-382007"
10,AH10,Allopathy,1,23.022499,72.47421,Unknown,Ahmedabad,02717-243144,"AG Govt. Quarters,Block No A(1), QuarterSN 1  B/H Sun City, S P ring road, Bopal,Ahmedabad- 380058     "
10,VDA,Allopathy,2,22.302678,73.224506,Unknown,Ahmedabad,0265-2415555,"Panigate Telephone exchange Compound, Ground floor, Nr. Water Tank, Ajwa Road, Panigate, Vadodara-390019"
11,ALA1,Ayurveda,0,25.4497240967935,81.8310978981513,Unknown,Prayagraj,0532-2561310,"2nd Floor, Sangam Place, Civil Lines, Prayagraj-211001"
11,ALH1,Homeopathy,1,25.4497536620166,81.8310174404803,Unknown,Prayagraj,0532-2561310,"2nd Floor, Sangam Place"
11,VN01,Allopathy,0,25.3853536614626,82.9760140730132,Unknown,Prayagraj,0542-2290158,"Type-III, Qrtr. Nos. 98,99,100, Kendranchal Colony, Bada Lal Pur, Varansi-221003"
12,BA02,Allopathy,4,12.9931987888381,77.5730670317896,Unknown,Bengaluru,080 23311492,"No.6, Sameera Complex, 1St Main, Seshadripuram, Bangalore 560020"
12,BA08,Allopathy,3,12.9636418134624,77.6397110158948,Unknown,Bengaluru,080 25355662,"First Floor, Community Center GPRA Quarters Domlur 560071"
12,BA13,Ayurveda,2,12.9636418134624,77.6397110158948,Unknown,Bengaluru,080 25355662,"First Floor, Community Center GPRA Quarters Domlur 560071"
12,BHB1,Allopathy,1,15.352223,75.141154,Unknown,Bengaluru,083 6200 2110,"1st Floor, Chitaguppi Hospital, Lamington Rd, Deshpande Nagar, Hubballi, Karnataka"
13,IN1,Allopathy,2,22.7005650283618,75.8890219153421,Unknown,Bhopal,0731-2928022,"Type III Malcom Quarters, Navratan Bagh, Manorama Ganj near St.Rafiel School, Indore MP 452001"
14,BH1,Allopathy,3,20.2835751752882,85.8301460674671,Unknown,Bhubaneswar,"0674-2393612
0674-2393312
","O/o The MO I/c, WC-1, CGHS,  Unit IV, Old AG Colony, Bhubaneswar -751001, Odisha"
14,BHH1,Homeopathy,1,20.2835751752882,85.8301460674671,Unknown,Bhubaneswar,9836939173,"Unit IV, Old AG Colony, Bhubaneswar- 751001, Odisha"
15,JT01,Allopathy,2,32.7230567049751,74.8578907604723,Unknown,Chandigarh,"0191 - 3521496
9796727717","Exhibition Ground, Dogra Chowk, Jammu ( J & K)-180003"
15,JT02,Allopathy,2,32.6972143474261,74.8784522883552,Unknown,Chandigarh,0191-2950695,"CGHS WC-II, Building adjacent to House no.44/45-P, Sector-4, Trikuta Nagar, Jammu (J & K)-180020"
16,CH06,Allopathy,13,13.0369092399567,80.2079093153421,Unknown,Chennai,044-23458406,Cpwd Quarters Kk Nagar Chennai 600078
16,CH11,Allopathy,1,13.0216190795595,80.2596434558224,Unknown,Chennai,044-23458411,No 6 Kamaraj Saalai Ra Puram Chennai 
16,CH12,Allopathy,2,13.0885803782677,80.283484,Unknown,Chennai,044-23458412,"No. 1 NSC Bose Road, Amenity Block, Ground Floor, BSNL Telephone Exchange Complex, Flower Bazar, Chennai 600001"
16,CH18,Siddha,1,13.0891415768185,80.2044888748618,Unknown,Chennai,044-23458402,Central Revenue Qtr No 15 Ranganathan Garden Anna Nagar
16,TRC1,Allopathy,2,10.8010701508418,78.6872237560129,Unknown,Chennai,0431-2419428,"Head Post Office Compound, Birds Road Tiruchirapalli - 620001"
16,TRN1,Allopathy,2,8.72850318019635,77.7046885828092,Unknown,Chennai,0462-2970280,SN High Road Post Office Compound
17,DD4,Homeopathy,1,30.3254013254761,78.0525329828092,Unknown,Dehradun,0135-2652605,"1-Raipur Road, Survey Chowk, Dehradun, Uttarakhand"
18,AY65,Ayurveda,2,28.5232217859178,77.2194729730131,Unknown,DELHI/HQ/DIRECTORATE/MINISTRY,011-29564988,"CGHS Wellness Centre Building, Sector  1, M.B. Road"
18,AY9,Ayurveda,8,28.5827508216368,77.2199699153421,Unknown,DELHI/HQ/DIRECTORATE/MINISTRY,9312901213,"Ground Floor,CGHS Ayurveda Hospital"
18,D1,Allopathy,6,28.6342767250518,77.2029951693158,Unknown,DELHI/HQ/DIRECTORATE/MINISTRY,23743810  21400889,"CGHS Building, DIZ Area-II, Gole Market"
18,D103,Allopathy,3,29.0073826809895,77.0406424282054,Unknown,DELHI/HQ/DIRECTORATE/MINISTRY,0130-4006423,"H.No-58, Sector-15, Part IV"
18,D16,Allopathy,3,28.5835649288257,77.1680279857822,Unknown,DELHI/HQ/DIRECTORATE/MINISTRY,24670333,"CGHS Building near Begum Zaidi Market, Moti Bagh"
18,D22A,Allopathy,6,28.4516309116468,77.5212876865066,Unknown,DELHI/HQ/DIRECTORATE/MINISTRY,0120-2977128,"First floor, P3 Shopping complex, Greater Noida "
18,D28,Allopathy,4,28.6338476258027,77.2401231865066,Unknown,DELHI/HQ/DIRECTORATE/MINISTRY,011-23607196,"Office of the CAG of India, CAG Building, 10 Bahadur Shah Zafar Marg"
18,D33A,Allopathy,4,28.6395582510017,76.9603047744996,Unknown,DELHI/HQ/DIRECTORATE/MINISTRY,20895140,"Delhi Police Training School, Jharoda Kalan, Najafgarh"
18,D41,Allopathy,4,28.5370170441937,77.2224481153421,Unknown,DELHI/HQ/DIRECTORATE/MINISTRY,26671494,"CGHS Building, Sheikh Sarai, Phase-1,Near Triveni Complex"
18,D45,Allopathy,6,28.6366161053961,77.1849119750523,Unknown,DELHI/HQ/DIRECTORATE/MINISTRY,28742850,"Additional Director, Office North Zone Ground Floor, New Rajinder Nagar, Shanker Road New Delhi -60 Near PNB&BYPL"
18,D49,Allopathy,8,,,Unknown,DELHI/HQ/DIRECTORATE/MINISTRY,011-22583766,"CGHS Wellness Centre, Mansarovar Park, Shahdara"
18,D55,Allopathy,4,28.6366917889101,77.1452670138933,Unknown,DELHI/HQ/DIRECTORATE/MINISTRY,25836573,"Flat No. 647, 648, Krishi Kunj, Inder Puri (Entry from Gate No 2)"
18,D58,Allopathy,4,28.6089329930308,77.1065125564704,Unknown,DELHI/HQ/DIRECTORATE/MINISTRY,28521863,"Nangal Raya, D-Block, Janak Puri,  Near Bhagat Hospital."
18,D70,Allopathy,4,28.4071749340428,77.2973786965497,Unknown,DELHI/HQ/DIRECTORATE/MINISTRY,0129-2412729,"CGHS Bldg, Neighbourhood Town Ship-4, Near Sect- 21 B"
18,D71,Allopathy,4,,,Unknown,DELHI/HQ/DIRECTORATE/MINISTRY,26741983,"DDA Flat, JNU Campus, Munirka"
18,D75,Allopathy,3,28.5313336789887,77.2518166441776,Unknown,DELHI/HQ/DIRECTORATE/MINISTRY,26028746,"CGHS Wellness Centre, Community Centre, Plot No : 5 & 6, Alaknanda (Near Muthoot Finance Building)"
18,D78,Allopathy,5,28.5239386568695,77.2275690730131,Unknown,DELHI/HQ/DIRECTORATE/MINISTRY,29563193,"CGHS WC Building, Sector 4, Pushp Vihar"
18,D79,Allopathy,4,28.6639008470624,77.3181539828092,Unknown,DELHI/HQ/DIRECTORATE/MINISTRY,011-21210150,"C-Block, Yojna Vihar, Near Mother Dairy"
18,D80,Allopathy,5,28.6692298324134,77.1022902580898,Unknown,DELHI/HQ/DIRECTORATE/MINISTRY,25268410,"A3 Block , Flat No. A1,A2,A8 ,Pocket 3, Green Apartment , Paschim Vihar"
18,D88,Allopathy,3,28.7081485157196,77.153953778197,Unknown,DELHI/HQ/DIRECTORATE/MINISTRY,27486048,"BP Block, Shalimar Bagh ,(Near Maharishi Ayurvedic Hospital)"
18,D92,Allopathy,5,28.4272660324514,77.1102317116447,Unknown,DELHI/HQ/DIRECTORATE/MINISTRY,0124-2578235,"Opposite HUDA Market, Sector-55"
18,D93,Allopathy,9,,0,Unknown,DELHI/HQ/DIRECTORATE/MINISTRY,9312901213,"CGHS Welness Centre, Supreme Court New Delhi 110001"
18,D98,Allopathy,4,28.6250421412084,77.1435248223746,Unknown,DELHI/HQ/DIRECTORATE/MINISTRY,25778775,"C-Block, Naraina Vihar, Community Centre, Naraina Vihar"
18,FAPND,Allopathy,1,28.6251023111127,77.2052495423289,Unknown,DELHI/HQ/DIRECTORATE/MINISTRY,1123723133,First Aid Post Narmada Narmada block
18,HO26,Homeopathy,2,28.6395279416068,77.0982746940918,Unknown,DELHI/HQ/DIRECTORATE/MINISTRY,25998900,Tilak Nagar Near Subzi Mandi
18,HO32,Homeopathy,2,28.6101393688628,77.1989186441776,Unknown,DELHI/HQ/DIRECTORATE/MINISTRY,23017698,123 South Avenue
18,HO48,Homeopathy,2,28.6248929064321,77.1042716693158,Unknown,DELHI/HQ/DIRECTORATE/MINISTRY,28125518,"First Floor, Hari Nagar Allopathic WC , Near Hari Nagar DTC Depot, Hari Nagar"
18,HPHA,Homeopathy,0,0,0,Unknown,DELHI/HQ/DIRECTORATE/MINISTRY,9312901213,"Parliament House annexe, Sansad marg area, New Delhi"
18,VIPSMC,Allopathy,1,28.6172544132284,77.2031133913132,Unknown,DELHI/HQ/DIRECTORATE/MINISTRY,,Vice President House 6
18,,Ayurveda,0,,,Unknown,DELHI/HQ/DIRECTORATE/MINISTRY,9312901213,
19,GK2H,Homeopathy,1,27.3453120536724,88.6068847865066,Unknown,Guwahati,"0359-2284041
","1st Floor, Kludong Khim, H/o Mr T.T. Lachungpa, Opp. DAC(East), Upper Schey, Doctor B.R. Ambedkar Road East Sikkim-737101"
19,KH1,Allopathy,1,25.6665067719962,94.0920648377167,Unknown,Guwahati,0370-2242041,"H.N. MRH/D-67, Merhuliesta, Opp. Paramedical Training Institute, Nagaland, Kohima-797001"
20,GNT1,Allopathy,2,16.298305216453,80.4310423730131,Unknown,Hyderabad,0863-2255989,"MO I/C, CGHS W.C., Guntur, Collectorate Sub Post Office, Opp
Collector Office, "
20,HY15,Allopathy,4,17.4072278685226,78.4669319153421,Unknown,Hyderabad,040-29560561,"AG'S Office Compound, Saifabad, Hyderabad -500004"
20,HY3,Allopathy,4,17.4244484505983,78.4936940846579,Unknown,Hyderabad,040-27548898,"Ground Floor, CGO Towers, Kavadiguda, Secunderabad 500080"
20,HY5,Allopathy,4,17.4059591075458,78.4779561018487,Unknown,Hyderabad,040-23220454,"Oilseeds Quarters Type-1, Behind Lady Hydri Club, Himayatnagar,Hyderabad-500029"
20,HY6,Allopathy,4,17.38693756224,78.4878431288356,Unknown,Hyderabad,040-24734901,"Kendriya Sadan, Sultan Bazar Koti, Hyderabad-500095"
20,HY8,Allopathy,8,17.337957016995,78.5062470171908,Unknown,Hyderabad,040-24340685,"DRDO Complex Kanchanbagh,Hyderabad-500058"
20,HYH1,Homeopathy,2,17.4454809427166,78.4721901865066,Unknown,Hyderabad,040-27904259,"Kendriya Swasthya Bhavan, Begumpet"
20,NEL1,Allopathy,2,14.442113499482,79.9695137116447,Unknown,Hyderabad,0861-2326685,"CGHS WELLNESS CENTER, E1Ground floor type V BSNL staff quarters"
21,JBH1,Homeopathy,2,23.1618061776177,79.9553079116447,Unknown,Jabalpur,0761-2629460,Head Post Office Compound
22,JA7,Allopathy,3,26.9664681522186,75.7849691693158,Unknown,Jaipur,0141-2335850,"Custom & Central Excise Colony, Vidhyadhar Nagar, Jaipur"
22,KOT1,Allopathy,2,25.1688582187745,75.8536413558224,Unknown,Jaipur,0744-2948001,"CGHS Wellness Center, Behind Akash Mall, Areodram Circle, Kota- 324007"
23,KN8,Allopathy,2,26.5011850340622,80.3064447288355,Unknown,Kanpur,0512-2983898,"2A/186, Azadnagar, Kanpur"
23,KNA1,Ayurveda,2,26.4440705350399,80.2872861693158,Unknown,Kanpur,0512-228399,"Plot No.8-11,  CGHS Ratan Lal Nagar, Kanpur"
24,KO17,Allopathy,4,22.4826995308449,88.3256764,Unknown,Kolkata,24311328,598 Diamond Harbour Road
24,KO21,Homeopathy,0,22.5712955873222,88.4165989576711,Unknown,Kolkata,23352801,"IC Block, CGHS Complex Salt Lake, Kolkata -700106 (Near Tank No.14)"
24,KO22,Unani,1,22.5712955873222,88.4165989576711,Unknown,Kolkata,23352801,"IC Block, CGHS Complex Salt Lake, Kolkata -700106 (Near Tank No.14)"
24,KO9,Allopathy,3,22.5147407109554,88.3200393730132,Unknown,Kolkata,033-24010558,Mint Guard House
25,LK10,Ayurveda,1,26.840275954675,80.9398774,Unknown,Lucknow,0522 4047533,"B-1, H Road, Mahanagar Extension, Lucknow"
25,LK7,Allopathy,3,26.873686278232,80.9595283404803,Unknown,Lucknow,0522-2321433,"1st Flr,P Office Campus, Mahanagar Gol Market, Lucknow 226020"
25,LK8,Allopathy,4,26.8526775570971,80.9401916,Unknown,Lucknow,0522-2230077,"PMG/GMT Office, Hazratganj, Lucknow 226001"
26,BPT1,Allopathy,2,28.9487836070174,77.2615048632171,Unknown,Meerut,0121-2279714,"CGHS Wellness Center, Near Sarvodaya Public School,Aggarwal Mandi,Tatiri,Baghpat Meerut Road, Baghpat-250601."
26,MR2,Allopathy,2,28.9554079988219,77.7321252883553,Unknown,Meerut,0121-2600340,"G-Block, Shastri Nagar, Meerut"
26,MR6,Allopathy,3,29.0093057305335,77.7065642711645,Unknown,Meerut,0121-2647895,"DAD Quarters, Lekha Nagar, Meerut Cantt"
26,SHN2,Allopathy,2,29.9556411511028,77.5494698134934,Unknown,Meerut,,"CGHS Wellness Center, Gill Colony, Saharanpur - 247001"
27,MNK1,Allopathy,4,19.975337261193,73.8151613956925,Unknown,Mumbai,0253-2992850,"Government of India Press Colony, Gandhinagar, Nashik - 422006"
27,MU19,Allopathy,4,19.1727377137252,72.9438512850261,Unknown,Mumbai,022-25616267,"B/2, Type-II P & T. Colony,Mulund(W), Mumbai - 400 080"
27,MU22,Allopathy,4,19.0282809847563,72.8679318595435,Unknown,Mumbai,022-24015758,"Shaikh Mistry, S.M. Plot, Koliwada, Mumbai - 400 037"
27,MU22H,Homeopathy,0,19.0281881842964,72.8679176160779,Unknown,Mumbai,,"Sheikh Mistry, S.M. Plot,Kolowada"
27,MU26,Allopathy,0,19.1289361007455,72.8752658620381,Unknown,Mumbai,022-28365751,"Seepz Qtrs Complex, Qtrs. No. C-1, C-2, Andheri (E), Mumbai 400 096."
27,MU30,Allopathy,1,18.9398435971728,72.8277482729264,Unknown,Mumbai,022-24013449,"CGHS Polyclinic  KOLIWADABuilding No. 221, Sector I, Kane Nagar,Mumbai - 400 037."
27,MU7,Allopathy,4,19.016850116428,72.8571961110276,Unknown,Mumbai,022-24124515,"C.G.S. Qtrs, Flat 226-227, Type-IV, Wadala, Mumbai - 400 031"
28,NCD1,Allopathy,1,19.9621164111351,79.300303457671,Unknown,Nagpur,07172-257107,"DTO Building (BSNL), Near Railway Station, Chandrapur (Maharashtra)- 442401"
28,NP2A,Allopathy,4,21.1675280027808,79.055893770707,Unknown,Nagpur,0712-2955021,"Swasthya Bhawan, Near TV Tower Seminary Hills Nagpur- 440006."
28,NP3,Allopathy,3,21.174404624225,79.1006145,Unknown,Nagpur,0712- 2980828,"Near Jaswant Takij, Indora Chowk, Nagpur- 440026"
28,NP7,Allopathy,3,21.1515773263041,79.0803660312369,Unknown,Nagpur,0712- 2565169,"Zero Miles, Near RBI Square, Beside Speed Post Office, Nagpur- 440001"
28,NP9,Allopathy,3,21.1314917477927,79.1159916421896,Unknown,Nagpur,0712- 2956314,"Plot No. 470, Chaudhary Bhawan, Near Tiranga Chowk, Sakkardara, Nagpur- 440024"
28,RP1,Allopathy,2,21.2605526616037,81.6558033711645,Unknown,Nagpur,0771-2582844,"In front of District hospital, Hanuman mandir Chowk, Pandri, Raipur- 492004"
30,PU01,Allopathy,4,18.652050050982,73.7653980846579,Unknown,Pune,020-27640130,"GPRA QuarterNo.4/182,Central Govt. Colony"
32,AG1,Allopathy,2,23.8283723502636,91.2922320036973,Unknown,Shillong,0381-2510222,"C/o (Prof.) Arunoday Saha, Lake View Road, Shiv Nagar, College Road, Agartala, Tripura West-793004."
32,IM1,Allopathy,3,24.7981,93.9518,Unknown,Shillong,0385-2442104,"CMO In-chare, CGHS WC, Imphal,Gr. Floor Building of Manipur Voluntery Health Association ((MVHA) Wangkheri Ningthem PukhriMapan, Imphal East Manipur - 795001"
32,SH1,Allopathy,1,25.5717650737358,91.8959503343815,Unknown,Shillong,0364-2501569,"CGHS Wellness Centre No.1, Laitumkhrah, Shillong - 793003, Meghalaya"
33,KNU1,Allopathy,2,11.8725262321724,75.3908645595197,Unknown,Trivandrum,0497-2961613,"CGHS WC, Type II Quarters,  Kannur Range, Aayakar Bhavan, Kannothumchal"
33,TR2,Allopathy,2,8.51353171764938,76.9745137730131,Unknown,Trivandrum,0471-2728110,"O/o CMO I/C, TC 9/1580,  ""Mangalya"" Hospital Road, Sasthamangalam Trivandrum-695010"
33,TR5,Homeopathy,1,8.51353171764938,76.9745137730131,Unknown,Trivandrum,0471-2728110,"O/o CMO I/C, TC 9/1580"
10,AH09,Allopathy,4,22.998966,72.601363,Unknown,Ahmedabad,079-25467055,"2nd Floor, Business Square, Opp. Punjab National Bank"
11,AL04,Allopathy,2,25.4729460475897,81.8570718134934,Unknown,Prayagraj,0532-2548040,"1/13. Prayag Strit, In front of D. P. Public school, Katra, Prayagraj-211004"
11,AL08,Allopathy,3,25.45165497082,81.8311400846579,Unknown,Prayagraj,0532-2560578,"2nd Floor, Sangam Place, Civil Lines"
12,BA05,Allopathy,5,12.9777740328361,77.5385800635793,Unknown,Bengaluru,080 23351893,"Community Center, GPRA Quarters, Vijayanagara, banalore 5600"
12,BA09,Allopathy,4,13.0228111514598,77.586323610456,Unknown,Bengaluru,080 23330320,"No.11, 1st Cross, HGH Layout, Ganganagar, Bangalore-560032"
12,BA12,Ayurveda,2,12.9352664256719,77.5474219449209,Unknown,Bengaluru,080 26793000,"No.4013/4014 Hosakerehally Main Road, Giri Nagar, Banashankari, IIIrd Stage, Sita Circle, Bengaluru 560085"
12,BA14,Homeopathy,1,12.9807283035272,77.6032793134934,Unknown,Bengaluru,080 25588777,"2nd Floor, Ganesh Towers, Infantry Road, Bangalore 560001"
13,BP1,Allopathy,1,23.2422652315105,77.4238507846579,Unknown,Bhopal,0755 - 2765071,"First floor, CGHS Bhawan, Plot No. 23, Arera Hills, Near Meteorological Department, 
 Bhopal (M.P) - 462027"
13,BP3,Ayurveda,1,23.2422652315105,77.4238507846579,Unknown,Bhopal,9312901213,"2nd Floor, Central Govt. Health Scheme, CGHS Bhawan"
13,BPH1,Homeopathy,1,23.2422652315105,77.4238507846579,Unknown,Bhopal,0755 - 2765071,"2nd Floor, Central Govt. Health Scheme, CGHS Bhawan, Plot No. 23,  Arera Hills"
13,INA1,Ayurveda,1,22.7005650283618,75.8890219153421,Unknown,Bhopal,7024109245,"Type III Malcom Quarters, Navratan Bagh, Manorama Ganj near St.Rafiel School, Indore MP 452001"
14,BHA1,Ayurveda,1,20.2835751752882,85.8301460674671,Unknown,Bhubaneswar,8290031344,"Unit IV, Old AG Colony, Bhubaneswar- 751001, Odisha"
15,CG1,Allopathy,5,30.7047556581962,76.7613492711645,Unknown,Chandigarh,"0172 - 2925160
9888272255","U.T. CIVIL HOSPITAL COMPLEX, SECTOR 45-C, CHANDIGARH -160047"
15,HOPK1,Homeopathy,1,30.6943685796478,76.8378952883553,Unknown,Chandigarh,,CGHS Homeopathic Wellness Centre-1 (Chandigarh)
15,SL1,Allopathy,3,31.1035676437037,77.1476878981513,Unknown,Chandigarh,"0177- 2633984
9418043543","Chaura Maidan, Near Institute of Advance Studies, Shimla (H.P)- 171004"
16,CH03,Allopathy,6,13.1241044020319,80.1130778981513,Unknown,Chennai,044-23458403,"Heavy Vehicles Factory Complex,  Avadi "
16,CH08,Allopathy,2,13.014826744581,80.1950695423289,Unknown,Chennai,044-23458408,No 16-19 Cda Res Complex Nandambakkam
16,CH17,Homeopathy,1,13.0891415768185,80.2044888748618,Unknown,Chennai,044-23458402,Central Revenue Qtr No 15 Ranganathan Garden Anna Nagar
18,AY40,Ayurveda,2,28.5823907731104,77.2454552269869,Unknown,DELHI/HQ/DIRECTORATE/MINISTRY,011-24312213,"Q.No.46, 48, 50, 52, 56, Block No. 8, Jangpura"
18,AY70,Ayurveda,1,28.4071749340428,77.2973786965497,Unknown,DELHI/HQ/DIRECTORATE/MINISTRY,1292412729,"CGHS Bldg,Neighbourh"
18,AY73,Ayurveda,2,28.4822735206699,77.0201760558224,Unknown,DELHI/HQ/DIRECTORATE/MINISTRY,0124-4064496,"409 ,Sector-5 Gurgaon"
18,D100,Allopathy,5,28.5627734040306,77.0537186051838,Unknown,DELHI/HQ/DIRECTORATE/MINISTRY,28053080,"HAF Pocket-1 Sector-23 Dwarka, Delhi Near Hanuman Temple"
18,D102,Allopathy,5,28.6172472366376,77.2997178981513,Unknown,DELHI/HQ/DIRECTORATE/MINISTRY,"011-21200691
011-21200692","Ground floor Commnity Hall, EDMC Community Center , Pocket-F, Ward No. 219, Mayur Vihar-II"
18,D11,Allopathy,5,28.5725320441437,77.2387456269869,Unknown,DELHI/HQ/DIRECTORATE/MINISTRY,29816439,"CGHS Disp. Building, Lajpat Nagar Market"
18,D2,Allopathy,6,28.6045601930986,77.2280250171908,Unknown,DELHI/HQ/DIRECTORATE/MINISTRY,20818352,"D-II/365-367, Pandara Road"
18,D23,Allopathy,8,28.5861499573469,77.1961925288355,Unknown,DELHI/HQ/DIRECTORATE/MINISTRY,24673777 20865003,"D-II/257, 259, Vinay Marg, Chanakyapuri Delhi"
18,D27,Allopathy,3,28.6216927224421,77.2010421693158,Unknown,DELHI/HQ/DIRECTORATE/MINISTRY,"23094777 ,23092990","CGHS Wellness Centre Wing, President Estate"
18,D29,Allopathy,4,28.5822050868899,77.1686938809606,Unknown,DELHI/HQ/DIRECTORATE/MINISTRY,24670444,"CGHS Disp. Building, Nanakpura"
18,D36A,Allopathy,7,28.5816152632688,77.0675411563939,Unknown,DELHI/HQ/DIRECTORATE/MINISTRY,20892480,"POCKET-1, HAF-1 SECTOR-9 DWARKA  OPPOSITE MOUNT EVEREST SOCIETY-75"
18,D4,Allopathy,3,28.6408656939628,77.2273167288355,Unknown,DELHI/HQ/DIRECTORATE/MINISTRY,"23234625, 23235368","New Minto Road Hostel, Block-I, Minto Road Complex"
18,D40,Allopathy,4,28.5823907731104,77.2454552269869,Unknown,DELHI/HQ/DIRECTORATE/MINISTRY,24312213,"Q.No.46, 48, 50, 52, 56, Block No. 8  Jangpura"
18,D46,Allopathy,5,28.5584654514435,77.1832176441776,Unknown,DELHI/HQ/DIRECTORATE/MINISTRY,26175323,"CGHS Disp., Building, R.K. Puram, Sector  II"
18,D50A,Allopathy,2,28.5563466429475,77.1620895340193,Unknown,DELHI/HQ/DIRECTORATE/MINISTRY,26141978,"CBI Colony, Vasant Vihar, Flat No. 59 B & 59 C"
18,D53,Allopathy,4,28.6456387461211,77.112305178197,Unknown,DELHI/HQ/DIRECTORATE/MINISTRY,25171213,"BA Block, NEAR TAGORE BUS STAND/METRO STATION, TATTARPUR DELHI"
18,D54,Allopathy,5,28.6909055917777,77.1154295237082,Unknown,DELHI/HQ/DIRECTORATE/MINISTRY,27021102,"Suvidha Kunj near KIIT WORLDS School, Pitampura Delhi"
18,D6,Allopathy,2,28.674378856927,77.1831665270226,Unknown,DELHI/HQ/DIRECTORATE/MINISTRY,011-23655272,"A-517, Nandkishore Gupta Marg, Beside Bank of India, Shastri Nagar"
18,D62,Allopathy,6,28.6745368002938,77.160354108643,Unknown,DELHI/HQ/DIRECTORATE/MINISTRY,27242028,"D-Block Phase-I, Ashok Vihar"
18,D65,Allopathy,5,,,Unknown,DELHI/HQ/DIRECTORATE/MINISTRY,29564988,"CGHS Building, Sector  1, M.B. Road"
18,D69,Allopathy,5,28.5544846313168,77.1789383134935,Unknown,DELHI/HQ/DIRECTORATE/MINISTRY,26173911,"Qr. No. 733, 735, 737 and 739, Sector III, R.K. Puram"
18,D7,Allopathy,5,28.7065737289495,77.2215221865066,Unknown,DELHI/HQ/DIRECTORATE/MINISTRY,011-23813808,"CGHS Hospital/ Wellness Cenre , Lucknow Road,Timarpur"
18,D82,Allopathy,4,28.6692298324134,77.1022902580898,Unknown,DELHI/HQ/DIRECTORATE/MINISTRY,25268410,"A3 Block , Flat No. A1, A2, A8, Pocket 3, Green Apartments, Opp. Jwala Heri Market Paschim Vihar"
18,D90,Allopathy,3,28.5413956598788,77.298825306842,Unknown,DELHI/HQ/DIRECTORATE/MINISTRY,26940651,"Plot No 11, Sarita Vihar, Institutional Area, Near Telephone Exchange"
18,D91,Allopathy,4,28.5298079294438,77.1547583963027,Unknown,DELHI/HQ/DIRECTORATE/MINISTRY,26123790,"9/11, Opp. Bhatnagar International  School, Vasant Kunj"
18,FAPNB,Allopathy,3,28.6110225032563,77.2153972036973,Unknown,DELHI/HQ/DIRECTORATE/MINISTRY,23063848,First Aid Post
18,FAPVBP,Allopathy,2,28.6210259911914,77.2132438134934,Unknown,DELHI/HQ/DIRECTORATE/MINISTRY,23736264,Vithal Bhai Patel House
18,HO104,Homeopathy,1,28.4143180903287,77.3223557441776,Unknown,DELHI/HQ/DIRECTORATE/MINISTRY,9312901213,"Zila Sainik Board, Old Army Canteen"
18,HO67,Homeopathy,2,28.6308285820498,77.2771994674671,Unknown,DELHI/HQ/DIRECTORATE/MINISTRY,011-21210277,"2nd Floor, CGHS Building Laxmi Nagar, H-Block,  Vikas Marg (Near Metro Station),Laxmi Nagar"
18,HO76,Homeopathy,3,28.6307390482372,77.1999309828092,Unknown,DELHI/HQ/DIRECTORATE/MINISTRY,23364574,"CGHS building, Kalibari Marg"
18,SA1,Siddha,0,28.57188,77.22705,Unknown,DELHI/HQ/DIRECTORATE/MINISTRY,1120819843,"Quarter No. 7, Block No. 4, "
18,UN49,Unani,2,,,Unknown,DELHI/HQ/DIRECTORATE/MINISTRY,011-22583766,"CGHS Wellness Centre No. 49, Mansarovar Park, Shahdara (Near DDA Flats)"
18,UN8,Unani,1,,,Unknown,DELHI/HQ/DIRECTORATE/MINISTRY,011-23866292,
19,GT1,Allopathy,3,26.152029274343,91.7915251153589,Unknown,Guwahati,"0361-2232743
","Shankardev Nagar,Near Housing Colony,Hengrabari,Guwahati-781006"
19,GT4,Allopathy,2,26.1860552401129,91.7456072340194,Unknown,Guwahati,"0361-2540551
","CGHS WC No.4, In front of Don Bosco School, In front of Don Bosco School, Panbazar, Guwahati-781001"
20,HY12,Allopathy,4,17.3639091178089,78.5850721865066,Unknown,Hyderabad,040-29885333,Type IV D 17 to D 20 GPRA GSUI Campus Bandlaguda Hyderabad 500068
20,HY14,Allopathy,6,17.4454809427166,78.4721901865066,Unknown,Hyderabad,040-29565132,"Kendriya Swasthya Bhavan, Begumpet,  Hyderabad-500016"
20,HY4,Allopathy,4,17.4454809427166,78.4721901865066,Unknown,Hyderabad,040-27904259,"Kendriya Swasthya Bhavan, Begumpet,  Hyderabad-500016"
20,HYV2,Allopathy,3,17.7195130457421,83.3027061693158,Unknown,Hyderabad,0891-2546366,"MO I/C, CGHS W.C., Visakhapatnam, Upstairs Dabagardens Post Office,Dabagardens Sub-PO"
21,JB2,Allopathy,4,23.1703191468643,79.9107130116448,Unknown,Jabalpur,0761-2416805,"Quarter No. 9-12, Type-III, I.B.M. Colony, Kamla Nehru Nagar, Garha
Road, Jabalpur-482002, Madhya Pradesh"
22,JA6,Allopathy,6,26.8461693815812,75.8222604404803,Unknown,Jaipur,0141-2755732,"G.S.I. Colony, Malviya Nagar, Jaipur"
23,GWL1,Allopathy,3,26.2168673155961,78.199883542329,Unknown,Kanpur,0751-2920981,"Gate no.2 AGMP colony, Shastri Nagar, Thatipur, Gwalior, M.P., PIN -474011"
23,KN3,Allopathy,3,26.4761710991378,80.3464644576711,Unknown,Kanpur,0512-2989987,"15/45 (A&B) Civil Lines, Kanpur-208001"
24,KO11,Allopathy,3,22.5940014945689,88.2802012996943,Unknown,Kolkata,26571526,"Govt. of India Press Colony,Santragachi, Howrah-711321, (Near Jagacha Police Station)"
24,KO12,Allopathy,3,22.6011149307926,88.419161142329,Unknown,Kolkata,23374635,"Bidhan Nagar AF Block Sec.- I, Flat No. 209 & 210."
24,KO15,Allopathy,4,22.489545607156,88.3532285457594,Unknown,Kolkata,24116059,"Tollygunge C.G. Qrts, Ground Floor, Kolkata -700040"
24,KO4,Allopathy,3,22.5785340447488,88.3838242224102,Unknown,Kolkata,033-23203998,Flat No.27 & 28 Narkeldenga Govt Qrts Kolkata -700054
24,KO5,Allopathy,4,22.5974102333246,88.3665531257348,Unknown,Kolkata,9433237656,"BSNL Building, Ground Floor, Bagbazar Telephone Exchange Building, 4,
Old Mayors Court Road, Bag Bazar, Kolkata - 700005"
25,GKP1,Allopathy,2,26.7489049204784,83.3661183558224,Unknown,Lucknow,0551-2202345,"CGHS Wellness Center Gorakhpur, Old HPO Building, Maya Bazar near
Mahila Chikitsalya Gorakhpur - 273001"
25,LK3,Allopathy,5,26.7910703319607,80.9042949828092,Unknown,Lucknow,0522-2421992,"CPB/G Sector G, Prem Plaza, Kanpur Road, LDA Colony, Lucknow"
25,LK5,Allopathy,2,26.8336124790534,80.9473384,Unknown,Lucknow,0522-2238841,"12-B Mall Avenue, Lucknow 226001"
25,LK6,Allopathy,5,26.9046758377226,80.9443890846579,Unknown,Lucknow,0522-2745246,"HSI/10 Sector A, Sitapur Rd, Aliganj Lucknow "
26,AGH1,Allopathy,1,27.9001675767736,78.0727757153421,Unknown,Meerut,0571-2400377,"CGHS Wellness Center, Head Post Office, near Tasveer Mahal, Aligarh -202001"
27,MU11,Allopathy,1,18.9762956055166,72.8356227908246,Unknown,Mumbai,022-023722150,"Khan Mansion, Flat No.1, 15 Victoria Road, Byculla, Mumbai -400027"
27,MU13,Allopathy,8,,,Unknown,Mumbai,022-0870898,"A-1 wing, A-2 Wing,  Ground Floor, CGO Complex, Near RBI,Sector -10,
CBD Belapur, Navi Mumbai,- 400614"
27,MU2,Allopathy,1,18.9732185747766,72.8100961788822,Unknown,Mumbai,022-23516680,"Income Tax Flats, No. D-1  Pedder Road, Mumbai - 400 026"
27,MU20,Allopathy,3,19.2158766541697,72.8232225182401,Unknown,Mumbai,022-28677353,"D-1/2, Lekha Vihar, Sec-5, Charkop, Kandivli(West), Mumbai-40067"
27,MU21,Allopathy,1,19.1012823846313,72.862287987219,Unknown,Mumbai,022-28210959,"P & T Colony, Sahar Mumbai- 400029"
27,MU25,Allopathy,3,19.232082351999,72.8299229346051,Unknown,Mumbai,022-45163787,"F1 upper and lower Metro Staff Quarters for Aakashwani & Doordarshan, Gorai Rd, opp. Gorai Depot, Gorai 1, Borivali, Mumbai,"
27,MU27,Allopathy,1,18.9563733814879,72.8002415957335,Unknown,Mumbai,022-23641816,"Hyderabad Estate, N.S.Road, Mumbai -400006"
27,MU28,Allopathy,3,19.0846048057693,72.8317308253564,Unknown,Mumbai,022-26601744,"Telecom Complex, Juhu Tara Road, Santacruz(W),  Mumbai."
28,NP1,Allopathy,4,21.1701214952294,79.0665708691441,Unknown,Nagpur,0712-2971828,"CPWD Colony, Katol Road, Nagpur- 440013"
28,NP2,Allopathy,2,21.1587152304248,79.0574880907566,Unknown,Nagpur,0712-2955004,"Opposite CBI Quarters, Civil Lines, Nagpur- 440001"
28,RP2,Allopathy,3,21.2226344275118,81.6415339153421,Unknown,Nagpur,0771-2272111,"CGHS W.C., Tikrapara, Postal Colony, Tikrapara, Raipur-492001"
28,RPH1,Homeopathy,1,21.260546,81.655756,Unknown,Nagpur,7712582844," In front of District hospital, Hanuman mandir Chowk,
"
29,DBG1,Allopathy,1,26.1574752162081,85.8983996288355,Unknown,Patna,9470404332,"CGHS W.C., CGHS Bela, Near Postal Training Centre, Darbhanga"
29,MUZ1,Allopathy,1,26.1339693319422,85.3780916865066,Unknown,Patna,0621-2953269,"Income Tax Campus, Sikandarpur, Muzafferpur"
29,PA9,Allopathy,1,25.607720162444,85.1335801865066,Unknown,Patna,9312901213,"CGHS WC Buddh Marg, Adalatganj, Veerchand Patel Road Area, Patna, Bihar 800001"
30,PU04,Allopathy,2,18.5191482453099,73.8599090171908,Unknown,Pune,020-24570018,"""Agneya"", 1st Floor Phadke Haud Chowk 1422, Kasba Peth Pune 411011"
30,PUAU1,Allopathy,2,,,Unknown,Pune,,"GST Bhavan,Annex building 5, Town Center, Cannought Place, Cidco-Chhatrapati Sambhajinagar-431003"
30,PUH05,Homeopathy,2,18.5514603413844,73.8199132883553,Unknown,Pune,,Armament Colony
10,AHA1,Ayurveda,2,23.0356007703748,72.5694600171908,Unknown,Ahmedabad,079-26577393,"3rd  Floor, S.R.House, Opp. Mount Carmel School, Ashram Road, Ahmedabad- 380009"
10,AHH1,Homeopathy,2,23.0356007703748,72.5694600171908,Unknown,Ahmedabad,079-26577393,"3rd  Floor, S.R.House, Opp. Mount Carmel School, Ashram Road, Ahmedabad- 380009"
11,AL01,Allopathy,1,25.455307153078,81.8630043730132,Unknown,Prayagraj,0532-2468188,"41, Jawahar Lal Nehru Road, Allahabad"
11,AL02,Allopathy,1,25.4667664524012,81.8267092711645,Unknown,Prayagraj,0532-2624435,"4/6, Drummond, Allahabad"
12,BA01,Allopathy,8,12.9818698323399,77.604211306842,Unknown,Bengaluru,080-25588777,"2nd Floor, Ganesh Towers, Infantry Road, Bangalore 560001"
13,BP2,Allopathy,2,23.1989771279893,77.4303770171908,Unknown,Bhopal,0755- 2566977,"House No. 2 ,Vasant Kunj E 8 ,Arera Colny Near Bharat Nagar, BUSSTOP,Bhopal, MP 462039"
14,BH2,Allopathy,2,20.2739220585562,85.8362109828092,Unknown,Bhubaneswar,"0674-2393545
0674-2393645
","O/o The CMO I/C WC-2, Back side of RBI, unit-3, Kharvel Nagar, Bhubaneswar, Pin-751001"
15,AMB1,Allopathy,4,30.3322688338552,76.832900457671,Unknown,Chandigarh,"0171-2610711, 9412650790","CGHS Wellness Center P & T Colony, Near Railway Hospital Ambala-133001"
15,CG2,Allopathy,2,30.7077016774791,76.791174457671,Unknown,Chandigarh,"0172-2997680
9814550505","CGHS WC-2, Press colony, Sec 29-C, Chandigarh 160030"
15,CGAY1,Ayurveda,1,30.6943685796478,76.8378952883553,Unknown,Chandigarh,,"CGHS Ayurvedic Wellness Centre-1 (Chandigarh), First floor, BSNL Telephone Exchange Building, Scetor - 16 Panchkula  - 134109"
15,CPK1,Allopathy,2,30.6943685796478,76.8378952883553,Unknown,Chandigarh,"0172-2990711
9417149057","CGHS WC-1, BSNL telephone Exchange Building, Sec- 16, Panchkula- 134109"
16,CH01,Allopathy,3,12.9919558609096,80.2530434813416,Unknown,Chennai,044-23458401,"26th Cross Street, Cpwd Qtrs, Indira Nagar, Adyar"
16,CH02,Allopathy,8,13.0891415768185,80.2044888748618,Unknown,Chennai,044-23458402,"Central Revenue Qtr No 15, Ranganathan Garden Anna Nagar"
16,CH10,Allopathy,3,13.1158604182152,80.2316163693158,Unknown,Chennai,044-23458410,"No 1 SRP KOIL STREET, AGARAM JUNCTION, PERAMBUR, CHENNAI"
16,CH14,Allopathy,1,13.0792110871048,80.2407415981513,Unknown,Chennai,044-23458414,"NO 10 Vasu Street , Backside of  EGA Theatre .Kilpauk Chennai 600010"
16,CH15,Ayurveda,1,13.0105509155693,80.2219201748618,Unknown,Chennai,044-23458405,Block No 6/1-5 Bcg Staff Quarters Guindy
16,CH19,Homeopathy,1,13.0369092399567,80.2079093153421,Unknown,Chennai,044-23458406,CPWD Quarters Kk Nagar Chennai 600078
16,PD1,Allopathy,2,11.939658389546,79.7962622018487,Unknown,Chennai,0413-2277581,IGMC&RI KADIRKAMAM PUDUCHERRY 605009
17,DD1,Allopathy,4,30.3112433502346,78.0121234576711,Unknown,Dehradun,0135-2521235,"20-Navyug Enclave, Indrapuram, Phase-III, Milan Vihar GMS Road, Dehradun "
17,DD2,Allopathy,2,30.3287991853427,78.0399071865066,Unknown,Dehradun,0135-2659773,"P & T Colony, Chukhuwala, Chakrata Road, Dehradun "
18,AY31,Ayurveda,3,28.6189715143167,77.1991482,Unknown,DELHI/HQ/DIRECTORATE/MINISTRY,23092794,"119,121 North Avenue MP Flats"
18,AY61,Ayurveda,2,28.6199674004911,77.0888154562223,Unknown,DELHI/HQ/DIRECTORATE/MINISTRY,25534868,"C-4A, Janak Puri, New Delhi-58,Besides Janakpuri Superspeciality Hospital"
18,AY68,Ayurveda,1,28.6720032786425,77.4899674576711,Unknown,DELHI/HQ/DIRECTORATE/MINISTRY,0120-2986969,"2nd Floor CGHS Building, Kamla Nehru Nagar"
18,AYHO,Ayurveda,0,28.5823293807157,77.2198451337844,Unknown,DELHI/HQ/DIRECTORATE/MINISTRY,1124694893,"CGHS Ayurvedic Hospital Aliganj, Lodhi Road"
18,D34,Allopathy,5,28.6248947290734,77.2234547288355,Unknown,DELHI/HQ/DIRECTORATE/MINISTRY,23326601,"18-E, Telegraph Lane"
18,D37,Allopathy,6,28.5643968389647,77.2562469667427,Unknown,DELHI/HQ/DIRECTORATE/MINISTRY,26910251,"CGHS  Disp. Building, Srinivaspuri"
18,D38,Allopathy,4,28.6513761893904,77.1667554362302,Unknown,DELHI/HQ/DIRECTORATE/MINISTRY,25882551,"15/23,24 Basement, West Patel Nagar"
18,D39,Allopathy,4,28.5654061054076,77.231372457671,Unknown,DELHI/HQ/DIRECTORATE/MINISTRY,26257628,"D-2, 65 & 67"
18,D56,Allopathy,5,28.6590211672803,77.2843564748618,Unknown,DELHI/HQ/DIRECTORATE/MINISTRY,011-21210366,"F3/23,Krishna Nagar(Near Vijay Chowk)"
18,D59,Allopathy,2,28.6701280815457,77.2177753558224,Unknown,DELHI/HQ/DIRECTORATE/MINISTRY,011-23973646,"5, Rajpur Road, Old Police Line"
18,D61,Allopathy,14,28.6199674004911,77.0888154562223,Unknown,DELHI/HQ/DIRECTORATE/MINISTRY,25551434,"C-4A, Janak Puri, Near Janakpuri Superspeciality Hospital"
18,D63,Allopathy,5,28.5553772391901,77.2271222,Unknown,DELHI/HQ/DIRECTORATE/MINISTRY,26255516,"CGHS Wellness Centre Building, Sadiq Nagar Sec-3 (Near G.K.I)"
18,D72,Allopathy,5,28.5768693454831,77.2263200292165,Unknown,DELHI/HQ/DIRECTORATE/MINISTRY,24622736,"R. 525,526,529, 530, 533 Kasturba Nagar"
18,D73,Allopathy,6,28.4822735206699,77.0201760558224,Unknown,DELHI/HQ/DIRECTORATE/MINISTRY,0124-4064496,"Plot-556,opposite House no-409, near Huda ground , Sector-5"
18,D83,Allopathy,2,28.5889960212833,77.2317651693158,Unknown,DELHI/HQ/DIRECTORATE/MINISTRY,"24361522, 24367843","C.P.W.D. Complex, Pragati Vihar"
18,D9,Allopathy,4,28.5827508216368,77.2199699153421,Unknown,DELHI/HQ/DIRECTORATE/MINISTRY,24611538,"Ground Floor, CGHS Ayurveda Hospital, CGHS Building, Aliganj, New Delhi-110003"
18,D94,Allopathy,4,28.6856130230816,77.3525868,Unknown,DELHI/HQ/DIRECTORATE/MINISTRY,0120-2630066,"6/16, Sector 2, New Rajender Nagar, Sahibabad"
18,FAPCS,Allopathy,3,17.4454809427166,78.4721901865066,Unknown,DELHI/HQ/DIRECTORATE/MINISTRY,"23092868 ,23092194",First Aid Post
18,FAPMEA,Allopathy,0,28.5893117587299,77.1754829153421,Unknown,DELHI/HQ/DIRECTORATE/MINISTRY,,
18,FAPSB,Allopathy,2,28.6169053283909,77.2150117116448,Unknown,DELHI/HQ/DIRECTORATE/MINISTRY,"23382389  ,20842191",First Aid Post
18,HO24,Homeopathy,2,28.5778294411607,77.2246275306842,Unknown,DELHI/HQ/DIRECTORATE/MINISTRY,011 - 24693551,"CGHS Polyclinic, Kasturba Nagar"
18,HO68,Homeopathy,2,28.6728863424839,77.4957937288355,Unknown,DELHI/HQ/DIRECTORATE/MINISTRY,0120-2986968,"CGHS Building, second floor, Kamla Nehru Nagar"
18,HO69,Homeopathy,3,28.5546772737783,77.1792462539737,Unknown,DELHI/HQ/DIRECTORATE/MINISTRY,011-26173911,"CGHS, Qr No. 739 R. K. Puram Sect. 3 "
18,HO7,Homeopathy,3,28.7065931900252,77.2219831865066,Unknown,DELHI/HQ/DIRECTORATE/MINISTRY,011-23813808,"CGHS Hospital/ Wellness Centre Timarpur, Lucknow Road, Opp. Patrachar Building,Timarpur"
18,HO78,Homeopathy,2,28.5239729505257,77.2273681693158,Unknown,DELHI/HQ/DIRECTORATE/MINISTRY,011-29563193,"A-B/ 125,126,127  Sector-IV , Pusp Vihar"
18,PHA,Allopathy,34,,,Unknown,DELHI/HQ/DIRECTORATE/MINISTRY,9312901213,"Parliament House annexe, Sansad marg area, New Delhi"
18,,Homeopathy,0,,,Unknown,DELHI/HQ/DIRECTORATE/MINISTRY,9312901213,
19,DBR1,Allopathy,2,27.4710254754967,94.8935328950255,Unknown,Guwahati,"0373-2325111, 0373-2326812","CGHS Wellness Centre, H.No.221, South Amolapatty, P.O-Mohonaghat, Dibrugarh-786008"
20,HY11,Allopathy,7,17.4389826534591,78.3561083558224,Unknown,Hyderabad,040-23002454,"Hostel Suite No.1 to 8, Hostel Complex, GPRA Quarters, Gachibowli, Hyderabad 500032"
20,HY2,Allopathy,5,17.3820373528178,78.439317342329,Unknown,Hyderabad,040-23531833,"Sharadanagar Colony, Gudimal Kapur, Hyderabad-500028"
20,HYA2,Ayurveda,1,17.38693756224,78.4878431288356,Unknown,Hyderabad,040-24734901,Kendriya Sadan
20,HYH2,Homeopathy,2,17.4072278685226,78.4669319153421,Unknown,Hyderabad,040-29560561,"AG'S Office Compound, Saifabad"
20,HYU1,Unani,1,17.3731274712368,78.4862038134934,Unknown,Hyderabad,040-24525415,22-1-951 Noor Khan Bazaar
20,HYV,Allopathy,4,17.7287599573352,83.3345921711645,Unknown,Hyderabad,0891-2556673,"Door No. 8-5-1, Govt.Mental Care Hospital premises Chinawaltair,"
20,RHM1,Allopathy,2,16.9921509954004,81.7777542711645,Unknown,Hyderabad,0883-2475090,"CGHS W.C. Rajahmundry, Type II P & T "
20,VAY1,Ayurveda,1,17.7287599573352,83.3345921711645,Unknown,Hyderabad,0891-2556673,"Door No. 8-5-1, Govt.Mental Care Hospital premises Chinawaltair"
20,VHO1,Homeopathy,1,17.7287599573352,83.3345921711645,Unknown,Hyderabad,0891-2556673,"Door No. 8-5-1, Govt.Mental Care Hospital premises Chinawaltair"
20,VIJ1,Allopathy,3,16.511717462513,80.6254857153421,Unknown,Hyderabad,0866-2571100,"Vijayawada CGHS WC, Arundal Municipal Complex, 1 Floor, Rajagopalachari Street"
21,JB4,Allopathy,4,23.1618061776177,79.9553079116447,Unknown,Jabalpur,0761-2629460,"Head Post Office Compound, Jabalpur-482001, Madhya Pradesh"
21,JB6,Allopathy,3,23.1991266931737,79.9450729404803,Unknown,Jabalpur,0761-2991309,"129, Ravindra Nagar, Adhartal, Jabalpur-482004, Madhya Pradesh"
22,AJM1,Allopathy,3,26.4592453229016,74.6358024576711,Unknown,Jaipur,0145-2432740,"CGHS Wellness Center, Ajmer Head Post Office, Office Campus, P.R. Marg, Ajmer"
22,JA10,Ayurveda,2,26.8761661845077,75.8045898306842,Unknown,Jaipur,0141-2710021,"A.G.Colony, Bajaj Nagar, Jaipur"
22,JA2,Allopathy,2,26.9104423933228,75.8416825423289,Unknown,Jaipur,0141-2610412,"B-121, Janta Colony, Jaipur"
22,JA3,Allopathy,5,26.8761661845077,75.8045898306842,Unknown,Jaipur,0141-2710084,"A.G.Colony, Bajaj Nagar, Jaipur"
22,JA8,Allopathy,6,26.8753616062328,75.8070614404803,Unknown,Jaipur,0141-2710021,"A.G.Colony, Bajaj Nagar, Jaipur"
23,KN6,Allopathy,5,26.4218353853645,80.3615623079474,Unknown,Kanpur,0512-2978033," 430, C Block, Shyam Nagar , Kanpur"
24,KO14,Allopathy,3,22.6128722249422,88.4016835251382,Unknown,Kolkata,25222137,"P-112, Kalindi Housing Scheme, Kolkata -700089 (Near Kalindi Bus stop)"
24,KO19,Allopathy,0,22.5712955873222,88.4165989576711,Unknown,Kolkata,23352801,"IC Block, CGHS Complex Salt Lake, Kolkata -700106 (Near Tank No.14)
"
24,KO23,Homeopathy,3,22.5224723246445,88.3476792865066,Unknown,Kolkata,033-24940109,"1-A , Satish Mukherjee Road"
24,KO24,Allopathy,3,22.7999439515291,88.371519134972,Unknown,Kolkata,033-25616464,"Qtr No. 175,176,177,178 OWL Estate,Ishapore, Metal and Steel Factory, Ministry of Defence"
24,KO3,Allopathy,4,22.5219197094328,88.3627658730132,Unknown,Kolkata,033-24619292,GARIAHAT DOVERLANE
24,KO7,Allopathy,3,22.5224723246445,88.3476792865066,Unknown,Kolkata,033-24940109,"1-A , Satish Mukherjee Road, Kolkata, 700026"
24,SIL1,Allopathy,3,26.7134970475786,88.4289472416207,Unknown,Kolkata,0353-2970052,"CGHS Wellness Center Siliguri, 13, Haren Mukherjee Road, Hakimpara Siliguri West Bengal - 7340010"
25,LK9,Allopathy,0,26.8483315221508,80.9012531865066,Unknown,Lucknow,0522-2651276,"Kaushalya Niwas, Amethi House, Aishbagh Road P&T, Lucknow"
26,MR3,Allopathy,2,28.9958274452021,77.7118219981513,Unknown,Meerut,0121-2640074,"154, Western Kutchery Road, Vijay Nagar, Meerut"
26,MR4,Allopathy,4,29.029930452157,77.6840171865066,Unknown,Meerut,0121-2556394,"Shradhapuri, Kanker Khera, Meerut Cantt."
27,GO2,Ayurveda,1,15.4551849862143,73.845285747875,Unknown,Mumbai,8322458566,"D II (A,B & C) HPT, Air Staff Quarters Complex, Bambolim, Goa -403206"
27,GOH1,Homeopathy,1,15.4551849862143,73.845285747875,Unknown,Mumbai,8322458566,"D II (A,B & C) HPT, Air Staff Quarters Complex, Bambolim, Goa -403206"
27,MU9,Allopathy,2,19.0500785521983,72.8682701035987,Unknown,Mumbai,022-24081616,"Central Labour Inst. Premises, Trombay Road, (Sion), Mumbai - 400022."
27,MUA1,Ayurveda,2,19.103847378914,72.8573996531448,Unknown,Mumbai,022-28210971,"Near Airport Colony, Bamanawada, Santacruz (W), Mumbai - 400029"
27,MUH1,Homeopathy,1,18.9398669311581,72.827753596627,Unknown,Mumbai,022-22018799,"Old CGO Building (PratishthaBhawan), Ground Floor, South Wing, 101,
M.K. Road, New Marine Lines, Mumbai 400020"
28,NADT,Allopathy,1,21.1769395814562,79.083338277549,Unknown,Nagpur,0712-2322918,"NADT Campus, Near Pagal Khana Chowk, Nagpur- 440030."
28,NP5,Allopathy,3,21.1331385276984,79.0962229545264,Unknown,Nagpur,0712- 2744490,"Plot No. 79, Ajit Apartment, 1st Floor, Opp. Medical Book Store, Rambagh
Layout, Medical College Square, Nagpur- 440024."
28,NP6,Allopathy,4,21.1347161742463,79.0566982846579,Unknown,Nagpur,0712-2249781,"Himalaya Meridian Aptt, Opp LAD College, Shivaji Nagar, Nagpur- 440010"
29,PA7,Ayurveda,2,25.6024296988134,85.1549217288355,Unknown,Patna,0612-2351484,"G-3, People's Cooperative Colony, Kankarbagh, Patna-800020"
30,PU02,Allopathy,4,18.5559237049621,73.8756652711645,Unknown,Pune,020-26685949,"GSI Colony, Phulenagar,Pune-411 006."
30,PU06,Allopathy,3,18.559956502365,73.8377386269869,Unknown,Pune,020-25819776,"Bldg No.296, Range Hills Estate, Range Hills, Pune-411 020."
30,PU10,Allopathy,3,18.4948998300756,73.8600154865066,Unknown,Pune,020-24266402,"Ground Floor, Swasthya Sadan, Mukundnagar, Pune-411 037."
30,PUH03,Homeopathy,1,,,Unknown,Pune,,"Chitragupta Complex, Hidayatullah Road, Pune-411 042."
31,DHN1,Allopathy,2,23.8076934890533,86.4328472711645,Unknown,Ranchi,8789078388,"C.G.H.S. Wellness Centre Bartand, Near Bus Stand, Dhanbad -826001"
31,RA2,Allopathy,2,23.3696120497348,85.3430036269869,Unknown,Ranchi,0651-2532244,"10 A Deep Villa, Purulia Road, Ranchi, Jharkhand"
31,RA3,Allopathy,2,23.3786625807445,85.3399313558224,Unknown,Ranchi,0651-2562333,"P & T Colony, Lalpur, Ranchi, Jharkhand"
32,SH2,Allopathy,4,25.572637668681,91.8868989036973,Unknown,Shillong,0364-2504451,"CGHS Wellness Centre No.2, Opp. Raj Bhawan, Shillong - 793001"
32,SH3,Homeopathy,1,25.572637668681,91.8868989036973,Unknown,Shillong,0364-2504451,CGHS Wellness Centre No.2
33,TR4,Ayurveda,2,8.51353171764938,76.9745137730131,Unknown,Trivandrum,0471-2728110,"O/o CMO I/C, TC 9/1580,  ""Mangalya"" Hospital Road, Sasthamangalam Trivandrum-695010"
10,AHA7,Ayurveda,1,23.209037,72.648779,Unknown,Ahmedabad,079-23243433,"1st Floor, A 713/1-2, Sec-8, CH-1, Near Post Office, Gandhinagar-382007"
11,AL03,Allopathy,0,25.4311736293949,81.8333828134935,Unknown,Prayagraj,0532-2242530,"1130/1130A Kalyani Devi, Allahabad"
12,BA03,Allopathy,4,12.9352664256719,77.5474219449209,Unknown,Bengaluru,080 26793000,"NO-4013/4014, Hosakerehalli Main Road, Girinagar, Banashankari 3rd Stage (Near Seetha circle), Bangalore-560085"
12,BA04,Allopathy,3,13.0260554742328,77.6268793767105,Unknown,Bengaluru,080 25430759,"No. 669, HBR Main Road 1st stage, 2nd Block, HBR Layout, Bangalore 560023"
12,BA15,Unani,1,12.9807283035272,77.6032793134934,Unknown,Bengaluru,080 25588777,"2nd Floor, Ganesh Towers, Infantry Road, Bangalore 560001"
12,BMS1,Allopathy,1,12.3174419420759,76.6920207883553,Unknown,Bengaluru,0821 2590080,"No. 10, Dr. Rajkumar Main Road, Shakthi Nagar, Mysuru-570029"
14,BE1,Allopathy,1,19.3082339434,84.8178146097961,Unknown,Bhubaneswar,"(0680-2291930)
","O/o The CMO I/c, CGHS, Po-Engineering School, P & T Colony,Berhampur, Pin-760010 (Odisha)"
14,CU1,Allopathy,2,20.4792048377154,85.8770638981513,Unknown,Bhubaneswar,(0671-2977097) ,"O/o The CMO I/c, CGHS, 15,Contonment Road,Buxi Bazar,Po-Busi Bazar, Cuttack, Pin-753001"
15,AMT1,Allopathy,4,31.6363469878546,74.8667550171908,Unknown,Chandigarh,"0183-2566160,
7009680346","CGHS Wellness Center-1, ALO Building, Albert Road,(Near BSNL Building)Amritsar, Punjab - 143001"
15,JLN1,Allopathy,3,30.331992,76.832139,Unknown,Chandigarh,"0181-2224066,
7888830858","CGHS Wellness Center Civil linies, P & T Colony, Jalandhar, Punjab -144001"
15,JTAY,Ayurveda,1,32.696841,74.877996,Unknown,Chandigarh,0191-7967929,"First Floor, CGHS WELLNESS CENTRE - 2 Building adjacent to H.NO 44/45P
"
15,SRN1,Allopathy,2,34.0360594805228,74.8013137460263,Unknown,Chandigarh,"0194-2437339
9796727717","MINI MATERNITY CENTRE COMPLEX, ANNEX BUILDING, SANAT
NAGAR, SRINAGAR-190005, J & K"
16,CH05,Allopathy,3,13.0105509155693,80.2219201748618,Unknown,Chennai,044-23458405,Block No 6/1-5 Bcg Staff Quarters Guindy 
16,CH07,Allopathy,5,12.9810146112044,80.1763806269869,Unknown,Chennai,044-23458407,DGQA Complex Meenambakkam Chennai 
16,CH09,Allopathy,2,13.0659918024234,80.2474906748618,Unknown,Chennai,044-23458409,C&B Block 1st Floor Shastri Bhavan Haddows Rd
16,CH16,Ayurveda,1,13.0891415768185,80.2044888748618,Unknown,Chennai,044-23458402,Central Revenue Qtr No 15 Ranganathan Garden Anna Nagar
16,CH20,Siddha,1,13.0369092399567,80.2079093153421,Unknown,Chennai,044-23458406,CPWD Quarters Kk Nagar Chennai 600078
16,CHC1,Allopathy,2,10.9987901740936,76.9669855963027,Unknown,Chennai,0422-2390015,"CGHS Coimbatore, A Block (CTMX) Central telephone Exchange Building, State Bank Road Coimbatore 641018"
16,PDH1,Homeopathy,1,11.939658389546,79.7962622018487,Unknown,Chennai,9312901213,IGMC&RI KADIRKAMAM PUDUCHERRY 605009
17,DD3,Allopathy,3,30.3254013254761,78.0525329828092,Unknown,Dehradun,0135-2652605,"1-Raipur Road, Survey Chowk, Dehradun, Uttarakhand"
18,AY19,Ayurveda,2,28.6587837690325,77.187319735868,Unknown,DELHI/HQ/DIRECTORATE/MINISTRY,28720275,"Quarter No 224, Second Floor, H2 Block,  CPWD Multistorey Government Quarters ( Behind Liberty Cinema),Dev Nagar"
18,AY3,Ayurveda,1,28.5928757582628,77.1206692904698,Unknown,DELHI/HQ/DIRECTORATE/MINISTRY,25692914,"Sadar Bazar, Delhi Cantt,Near Geeta Ashram"
18,AY60,Ayurveda,3,28.6996922240821,77.2015204748618,Unknown,DELHI/HQ/DIRECTORATE/MINISTRY,011-27459411,"CGHS Wellness Centre KWC, New Police Line, Kingsway Camp"
18,AY63,Ayurveda,3,28.5553772391901,77.2271222,Unknown,DELHI/HQ/DIRECTORATE/MINISTRY,011-26263767,"HS Wellness Centre, Sadiq Nagar Sec-3 (Near G.K.I)"
18,AY76,Ayurveda,2,28.6309062988759,77.2010725423289,Unknown,DELHI/HQ/DIRECTORATE/MINISTRY,23363178," CGHS Building, Kali bari Marg"
18,CDAC,Allopathy,1,0,0,Unknown,DELHI/HQ/DIRECTORATE/MINISTRY,0172-2226343,Delhi
18,D10,Allopathy,9,28.5827166217118,77.2251699134934,Unknown,DELHI/HQ/DIRECTORATE/MINISTRY,24611442,"Block 4-1, 3, 5, 7, Lodhi Road"
18,D101,Allopathy,6,28.6285446461564,77.3042542460025,Unknown,DELHI/HQ/DIRECTORATE/MINISTRY,"011-21210225
011-21210226","CGHS W.C., Opposite Batala Apartment,  I P Extension, Parparganj"
18,D106,Allopathy,3,28.6548843779616,77.4094704441776,Unknown,DELHI/HQ/DIRECTORATE/MINISTRY,0120- 4962215,"G79, Sector-11, Pratap Vihar"
18,D17A,Allopathy,7,28.6445485331474,77.0697513493614,Unknown,DELHI/HQ/DIRECTORATE/MINISTRY,28533441,F Block Galaxy Appartment Vikaspuri
18,D18,Allopathy,5,28.64535420817,77.1896326626832,Unknown,DELHI/HQ/DIRECTORATE/MINISTRY,35953109," W.C. Polyclinic Lab & No. 1, 23-Pusa Road, New Delhi-110005, Near Karol Bagh Metro Station (Metro pillar No -100)"
18,D19,Allopathy,5,28.6587837690325,77.187319735868,Unknown,DELHI/HQ/DIRECTORATE/MINISTRY,28720275,Block H2 First Floor 121-124 CPWD Multi Storey budling Dev nagar -5 Behind Liberty Cinema
18,D21,Allopathy,3,28.5739733835313,77.1815266110903,Unknown,DELHI/HQ/DIRECTORATE/MINISTRY,20863362,CGHS Bhawan
18,D26,Allopathy,4,28.6395279416068,77.0982746940918,Unknown,DELHI/HQ/DIRECTORATE/MINISTRY,25998900,Near Subzi Mandi Tilak Nagar
18,D31,Allopathy,8,28.6242634777241,77.1995508134934,Unknown,DELHI/HQ/DIRECTORATE/MINISTRY,23094420,"31, North Avenue"
18,D42,Allopathy,5,28.539837514641,77.2593303558224,Unknown,DELHI/HQ/DIRECTORATE/MINISTRY,26430851,CGHS Maternity Centre Building & Disp.
18,D44,Allopathy,5,28.606016343536,77.2347562595197,Unknown,DELHI/HQ/DIRECTORATE/MINISTRY,"23383724 ,21410869","CGHS Building, Dr. Zakir Hussain Road"
18,D47,Allopathy,5,28.5506850436372,77.2017917521251,Unknown,DELHI/HQ/DIRECTORATE/MINISTRY,26567844,"CGHS Dispensary Building, Hauz Khas, SDA"
18,D48,Allopathy,6,28.6248929064321,77.1042716693158,Unknown,DELHI/HQ/DIRECTORATE/MINISTRY,28125518,"CGHS Hari Nagar, Near DTC Depot, Hari Nagar"
18,D50,Allopathy,4,28.565371491201,77.1736705171908,Unknown,DELHI/HQ/DIRECTORATE/MINISTRY,26175490,"CGHS Disp. Building, R.K. Puram, Sector  VI"
18,D57,Allopathy,3,28.5740616848673,77.1758523558224,Unknown,DELHI/HQ/DIRECTORATE/MINISTRY,26170472,"CGHS Disp. Building, Sector  XII,  R.K. Puram"
18,D60,Allopathy,12,28.6996922240821,77.2015204748618,Unknown,DELHI/HQ/DIRECTORATE/MINISTRY,011-27459411,"CGHS Wellness Centre, New Police Line, Kingsway Camp"
18,D64,Allopathy,2,28.6745368002938,77.160354108643,Unknown,DELHI/HQ/DIRECTORATE/MINISTRY,27385025,"H.No- 564, Gali No. 37, Onkar Nagar Tri Nagar Near Lal Mandir"
18,D66,Allopathy,7,28.590380022424,77.0873972512101,Unknown,DELHI/HQ/DIRECTORATE/MINISTRY,25035839,"Palam Colony, Near Subzi Mandi, Mangla Puri Bus stand, Mangla Puri"
18,D67,Allopathy,9,28.6308108782534,77.2774921865066,Unknown,DELHI/HQ/DIRECTORATE/MINISTRY,011-21210276,"CGHS Building, H-Block, ,Laxmi Nagar,  Vikas Marg"
18,D68,Allopathy,8,28.6720032786425,77.4899674576711,Unknown,DELHI/HQ/DIRECTORATE/MINISTRY,0120-2986968,"CGHS Building, Kamla Nehru Nagar"
18,D74,Allopathy,4,28.6199674004911,77.0888154562223,Unknown,DELHI/HQ/DIRECTORATE/MINISTRY,25619345,"C-4A, Janak Puri, Near Janakpuri Superspeciality Hospital"
18,D76,Allopathy,6,28.6306301334762,77.2000334576711,Unknown,DELHI/HQ/DIRECTORATE/MINISTRY,"23743142, 21400774","CGHS Building, Udyan Marg, Kali Bari Marg , DIZ Area"
18,D84,Allopathy,7,28.7016201070855,77.2673972711645,Unknown,DELHI/HQ/DIRECTORATE/MINISTRY,011-22565516     011-21230042,"CGHS Wellness Centre,  B2 Block, Yamuna Vihar"
18,D85,Allopathy,5,28.6036804200711,77.3357727248304,Unknown,DELHI/HQ/DIRECTORATE/MINISTRY,0120-2970157,"R 51, Near Modern School, Sector-11, Noida"
18,D86,Allopathy,6,28.7054736958697,77.1185194283393,Unknown,DELHI/HQ/DIRECTORATE/MINISTRY,27040169,"B-52 Naharpur Market, Sector-7, Rohini, Near DAV Public School"
18,D89,Allopathy,5,28.7343919358811,77.1251475854011,Unknown,DELHI/HQ/DIRECTORATE/MINISTRY,"27894403, 40503215",CGHS WC Rohini-16 Pocket A-5 Near Bansal Bhavan and Kids Fort School Delhi
18,D97,Allopathy,6,28.6492536755154,77.3409621693158,Unknown,DELHI/HQ/DIRECTORATE/MINISTRY,0120-2770973,"Flat No. 01-05, Sharda Tower, Sec-4 Vaishali"
18,FAPPH,Allopathy,2,28.6171326937304,77.2,Unknown,DELHI/HQ/DIRECTORATE/MINISTRY,23017275,First Aid Post
18,HO49,Homeopathy,2,28.6815343671656,77.2991798306842,Unknown,DELHI/HQ/DIRECTORATE/MINISTRY,011-22583766,"CGHS Wellness Centre No. 49, Mansarovar Park, Shahdara (Near DDA Flats)"
18,HO73,Homeopathy,1,28.4822735206699,77.0201760558224,Unknown,DELHI/HQ/DIRECTORATE/MINISTRY,0124-4064497,"409 ,Sector-5, Gurgaon"
18,SPHA,Siddha,1,,,Unknown,DELHI/HQ/DIRECTORATE/MINISTRY,9312901213,"Parliament House annexe, Sansad marg area, New Delhi"
18,UN32,Unani,3,28.6111535030038,77.1999583558224,Unknown,DELHI/HQ/DIRECTORATE/MINISTRY,23015125,"31 MP Flats, South Avenue"
18,,Allopathy,0,,,Unknown,DELHI/HQ/DIRECTORATE/MINISTRY,,"VVIP Medical  Unit PMO, South block"
19,AZ1,Allopathy,1,23.7212666949796,92.7134257663141,Unknown,Guwahati,"0389 - 2334764
","Qtr. No. AIS(1)/C-SD/5 (Double Suit) , AIS Transit Residential Complex, New Secretariat Building, Khatla, Aizawl-796001
"
19,AZ2H,Homeopathy,1,23.7212666949796,92.7134257663141,Unknown,Guwahati,"0389 - 2334764
","Qtr. No. AIS(1)/C-SD/5 (Double Suit) , AIS Transit Residential Complex, New Secretariat Building, Khatla, Aizawl-796001
"
19,GT2,Allopathy,3,26.182534709637,91.826372373143,Unknown,Guwahati,9435344862,"H/o Mrs. Jonali Kalita, W/o Dr. Hiren Kalita, 
1 No. Madgharia, Narengi Tiniali, 
Guwahati-781026"
19,GT3,Allopathy,1,26.1401869101663,91.6762690048405,Unknown,Guwahati,0361-2670255,"H/o Gokul Ch. Deka,H.No-6, P.N.G.B. Road, In front of Guwahati Nursery, Gotanagar,Guwahati-781033"
19,GTIT01,Allopathy,0,27.0923765587353,93.631077057671,Unknown,Guwahati,,"CGHS Wellness Centre, Doordarshan Maintenance Centre Building, Itafort South Gate, Itanagar-791111"
20,HY1,Allopathy,3,17.3731274712368,78.4862038134934,Unknown,Hyderabad,040-24525415,"22-1-951 Noor Khan Bazaar, Hyderabad 500002"
20,HY10,Allopathy,4,17.4499778193709,78.4307283730132,Unknown,Hyderabad,040-23810449,"AG's Colony, Vikaspuri, Hyderabad 500045"
20,HY9,Allopathy,6,17.5093836779034,78.5061700846579,Unknown,Hyderabad,040-27972563,"Pempala Towers, Old Alwal, Secunderabad"
20,HYU2,Unani,1,17.3820373528178,78.439317342329,Unknown,Hyderabad,040-23531833,Sharadanagar Colony
21,JB3,Allopathy,5,23.1878550741838,79.9807600865066,Unknown,Jabalpur,0761-2431721,"Block 2 & 5, J-Type Quarter, Vaidyanath Nagar, Ranjhi Main Road,
Jabalpur-482011, Madhya Pradesh"
21,JB7,Ayurveda,1,23.1878550741838,79.9807600865066,Unknown,Jabalpur,0761-2431721,"Block 2 & 5, J-Type Quarter, Vaidyanath Nagar, Ranjhi Main Road,
Jabalpur-482011, Madhya Pradesh"
22,JA4,Allopathy,5,26.9284723970032,75.7859578306842,Unknown,Jaipur,0141-2207708,"D-143/A-2, Kaushalya Path, Basant Marg, Banipark, Jaipur"
22,JDH1,Allopathy,3,26.2776758324888,73.0164737288355,Unknown,Jaipur,0291-2431340,"CGHS Wellness Center, HPO Building, Station Road, Near Railway Reservation Offie, Jodhpur"
23,KN1,Allopathy,4,26.435381323494,80.3172701566033,Unknown,Kanpur,0512-2986709,"Plot No.924-A, Block no- W-1, Juhi Kalan, Kanpur-208014"
23,KN4,Allopathy,2,26.4549301048006,80.3568359558224,Unknown,Kanpur,0512-2322924,"E-15, Khapra Mohal, Kanpur"
23,KN5,Allopathy,4,26.4239694986098,80.3184284404803,Unknown,Kanpur,0512-2985521,"Kendranchal WC, Building Gulmohar Vihar, Juhi, Kanpur"
23,KN7,Allopathy,4,26.4799113900243,80.2987647685914,Unknown,Kanpur,0512-2220455,"TYPE-1-8 Quarters RLI Campus Sarvoday Nagar, Kanpur 208005"
23,KNH1,Homeopathy,2,26.4440705350399,80.2872861693158,Unknown,Kanpur,0512-228399,Plot No.8-11
24,KO16,Allopathy,3,22.5922240153631,88.4053374955263,Unknown,Kolkata,23344849,"Qtrs No. 81 & 82, Type C, Kolkata 700064"
24,KO6,Allopathy,4,22.5177392494743,88.3991200981513,Unknown,Kolkata,033-24415588,"QUARTER NO. D-285, D-286, D-293, CENTRAL EXCISE & CUSTOMS GOVT. QUARTERS
179, SHANTIPALLY, E.M. BYPASS, RAJDANGA MAIN ROAD, KOLKATA-700107"
25,AGR1,Allopathy,4,27.1615609411149,78.0149875711645,Unknown,Lucknow,0562-2226223,"CGHS Wellness Center Agra, BSNL Compound, Agra Taarghar, Shahzadi Mundi, Agra - 282001"
25,BRL1,Allopathy,2,28.354050605198,79.4104819674671,Unknown,Lucknow,0581-2555344,"CGHS Wellness Center Bareilly, Postal Colony Compound, Near BSNL exchange, Chaupala, Bareilly - 243003"
25,LK13,Allopathy,6,26.840275954675,80.9398774,Unknown,Lucknow,0522-2789991,"19-B, Sheela Complex Vidhan Sabha Marg, Lucknow"
25,LK14,Homeopathy,2,26.8633102068121,80.9954702711645,Unknown,Lucknow,0522 4232730,"B114-115, Vibhuti Khand, Gomti Nagar, Lucknow"
25,LK2,Allopathy,0,26.8850750921485,80.9512423269868,Unknown,Lucknow,0522-2329714,"B-1/H Road,Mahanagar extension, Lucknow"
25,LK4,Allopathy,3,26.8436683772122,80.885169,Unknown,Lucknow,0522-2419756,"C- 3335, Meena Bakery Road Rajajipuram, Lucknow 226017"
26,MBD1,Allopathy,2,28.8421546784715,78.7705618981513,Unknown,Meerut,0591-2412020,"CGHS Wellness Center, Head Post Office, near Moradabad Jail, Moradabad - 244001"
26,MR5,Allopathy,2,28.9746434999856,77.7208725981513,Unknown,Meerut,0121-2763159,"Swasthya Bhawan, S.K. Road, Meerut"
26,MRH3,Homeopathy,1,28.9958274452021,77.7118219981513,Unknown,Meerut,0121-2640074,"154, Western Kutchery Road, Vijay Nagar, Meerut"
27,MU1,Allopathy,6,18.9398669311581,72.827753596627,Unknown,Mumbai,022-22018799,Old CGO Building
27,MU14,Allopathy,3,19.0833646723503,72.8571360889556,Unknown,Mumbai,022-026650366,"P & T Colony, Vakola Mumbai- 400029"
27,MU17,Allopathy,2,19.1420304298876,72.9387522153421,Unknown,Mumbai,022-25619655,"Flat No.321 & 322, Type- IV Cite C, Central Govt, Qrts, Bhandup Mumbai - 400 078"
27,MU23,Allopathy,0,18.9946661292628,72.8438073476927,Unknown,Mumbai,022-24187276,"Govt. Mint Colony, Bldg No.20 Flat No. 41-43, Saibaba Marg, Mint Staff Qtrs, Parel, Mumbai-400012
"
27,MU24,Allopathy,4,19.1326058293009,72.9258969948319,Unknown,Mumbai,022-25784026,"Naval Armament Depot campus, Kanjumarg, Powai, Mumbai -400078"
27,MU4,Allopathy,3,19.2222416564473,73.1021690288355,Unknown,Mumbai,0251-2991945,"Thakurli Wellness Centre (MU4) Shree Nav Varadvinayak CHS ltd, New 90 feet Road,Opp. Omkar International School, Thakurli (East)-421201"
27,MU6,Allopathy,8,19.0906160614218,72.9099959134934,Unknown,Mumbai,022-25149229,"Flat No.25, Central Govt. Quarters, Ghatkopar, Mumbai -400086"
27,MU8,Allopathy,9,19.0292923637925,72.8642229287879,Unknown,Mumbai,022-24013694,"Bldg.No.21, Sectior-1, Kane Nagar,  Mumbai - 400037"
27,MUA2,Ayurveda,2,19.0282778235186,72.8679269687808,Unknown,Mumbai,022-24015758,"Shaikh Mistry, S.M. Plot,Kolowada, Mumbai - 400037"
27,MUH3,Homeopathy,1,19.028269062588,72.8679297953086,Unknown,Mumbai,022-24015758,"Shaikh Mistry, S.M. Plot,Kolowada, Mumbai - 400037"
28,NP4,Allopathy,2,21.151188595774,79.1185454682104,Unknown,Nagpur,0712- 2956036,"Patel Building, Opp Prakash High School, Queta Colony Bus Stop, Lakadganj, Nagpur- 440008"
28,NPA2,Ayurveda,3,21.1587152304248,79.0574880907566,Unknown,Nagpur,0712-2955004,"Opposite CBI Quarters, Civil Lines, "
28,NPA5,Ayurveda,2,21.1331385276984,79.0962229545264,Unknown,Nagpur,0712- 2744490,"Plot No. 79, Ajit Apartment, 1st Floor"
28,NPPO,Allopathy,7,21.1701214952294,79.0665708691441,Unknown,Nagpur,0712-2580963,"CPWD Colony, Katol Road, Nagpur- 440013"
28,RP3,Ayurveda,1,21.2605526616037,81.6558033711645,Unknown,Nagpur,0771- 2582844,"In front of District hospital, Hanuman mandir Chowk,"
29,CPR1,Allopathy,2,25.7796241123764,84.745385542329,Unknown,Patna,06152-232149,"CGHS W.C., Head Post Office Campus, Sahebganj, Chhapra-841301"
29,PA4,Allopathy,2,25.6179951952533,85.123294101296,Unknown,Patna,"0612-2532816,
2951571","Krishna Ashram,  Plot No. 1091, East Boring Canal Road, Patna-800001"
30,PU03,Allopathy,1,18.5052079173885,73.874537,Unknown,Pune,020-26455163,"Chitragupta Complex, Hidayatullah Road, Pune-411 042."
30,PU05,Allopathy,4,18.5514603413844,73.8199132883553,Unknown,Pune,020-25652045,"Armament Colony, Ganeshkhind Road, Pune-411 020."
30,PU08,Allopathy,2,18.446026446883,73.789363152253,Unknown,Pune,020-24471602,CWPRS RESIDENTIAL QTRS KHADAKAWASALA
30,PU09,Allopathy,2,18.5323477085723,73.8790579325329,Unknown,Pune,020-26360020,"6, G.T.Road, Pune-411 001"
31,HO1,Homeopathy,1,23.3439860868317,85.318450542329,Unknown,Ranchi,0651-2481901,"New A.G. Colony Doranda, Ranchi, Jharkhand"
32,AG2,Homeopathy,1,23.8283723502636,91.2922320036973,Unknown,Shillong,,"C/o (Prof.) Arunoday Saha, Lake View Road, Shiv Nagar, College Road, Agartala, Tripura West-793004."
33,CAL1,Allopathy,2,11.2369128175866,75.7914663558224,Unknown,Trivandrum,0495 -2967725,"O/o CMO In Charge, CGHS WC (Calicut), Type VI, Block II"
33,TR1,Allopathy,3,8.53363860684451,76.9411052711645,Unknown,Trivandrum,0471-2443452,"O/o CMO I/C, TC 3/120, Kesavadasapuram, Thiruvananthapuram"
10,AH01,Allopathy,5,23.0356007703748,72.5694600171908,Unknown,Ahmedabad,079-26577393,"1st Floor, S.R.House, Opp. Mount Carmel School, Ashram Road, Ahmedabad-380009"
10,AH02,Allopathy,2,23.012685,72.523626,Unknown,Ahmedabad,079-25693262,"Room no.1,2 and 3 (Ground floor), Aayakar Bhawan, 100 Feet Anand nagar Road, Vejalpur, Ahmedabad-380015"
10,AH03,Allopathy,2,23.042025,72.568364,Unknown,Ahmedabad,079-26430021,"Govt Qtrs-B1 &B6, Income tax colony, opp.High court, Ashram road, Ahmedabad-380009"
10,AH04,Allopathy,5,23.067056,72.555033,Unknown,Ahmedabad,079-27478393,"Govt Qtr No. M/49/289-290, Near sindur party plot, Pragatinagar road, Pragatinagar Ahmedabad -380013"
10,AH05,Allopathy,3,23.076502,72.651866,Unknown,Ahmedabad,079-22680847,"1st Floor, Medicon Arcade, Near Galaxy Cinema, in front ot IBP Petrol Pump, Naroda - Himmatnagar Highway, Naroda, Ahmedabad - 382330"
10,AH08,Allopathy,3,23.225038,72.495602,Unknown,Ahmedabad,079-25506622,"GPO Compound,  Laldarwaja, Mirzapur,Ahmedabad  -380001                  "
10,AHH7,Homeopathy,0,23.209037,72.648779,Unknown,Ahmedabad,079-23243433,"1st Floor, A 713/1-2, Sec-8, CH-1, Near Post Office, Gandhinagar-382007"
11,AL05,Allopathy,1,25.4576418372793,81.7774959153421,Unknown,Prayagraj,0532-2232562,"9,10,11 &14 Type II, Kendranchal Colony, Preetam Nagar, Allahabad"
11,AL06,Allopathy,1,25.4389221824944,81.801410757671,Unknown,Prayagraj,0532-2403822,"276/129/2B/19, Chakia,Kaushami Road, Prayagraj-211003"
11,AL07,Allopathy,1,25.3996690648568,81.8694547288355,Unknown,Prayagraj,0532-2697132,"236/101-C /1 Chok Daud Nagar Near Swadeshi Cotton Mills, Naini, Allahabad"
11,VN02,Allopathy,0,25.2813703756564,82.9765985,Unknown,Prayagraj,0542-24103705,"N8/236-R-55, Ganeshdham Colony, Nevada, Sundarpur, Varanasi-221005"
12,BA06,Allopathy,4,12.9453259431848,77.5782434022109,Unknown,Bengaluru,080 26570202,"No. 190, R. V. Road, 2nd Block, Jayanagar, Bangalore-5600011"
12,BA07,Allopathy,3,12.9296607274531,77.624501,Unknown,Bengaluru,080 25539277,"CPWD Complex, GPRA quarters, Koramangala, Bangalore 560034"
12,BA10,Allopathy,4,12.9904890199549,77.6618556613684,Unknown,Bengaluru,080 25243236,"DRDO Complex, C.V. Raman Nagar, Bangalore-560093"
12,BA11,Allopathy,2,12.9807283035272,77.6032793134934,Unknown,Bengaluru,080 25589225,"3rd Floor, Ganesh Towers, Infantry Road"
14,BH3,Allopathy,2,20.2720895104885,85.8357242386316,Unknown,Bhubaneswar,"(0674-2535172
","O/o the MO I/C WC-3, Back side of CPMG, Kharvel Nagar, Bhubaneswar, 751001"
16,CH04,Allopathy,1,13.0512932491061,80.264755561226,Unknown,Chennai,044-23458404,"No 1, 1st Street, Gopalapuram, Chennai"
16,CH13,Allopathy,1,13.0698352491924,80.2866457778348,Unknown,Chennai,044-23458413,CPT QUATERS NAPIER BRIDGE A1 BLOCK TRIPLICANE CHENNAI
17,DD5,Ayurveda,1,30.3287991853427,78.0399071865066,Unknown,Dehradun,0135-2659773,"P & T Colony, Chukhuwala, Chakrata Road, Dehradun "
18,APHA,Ayurveda,0,0,0,Unknown,DELHI/HQ/DIRECTORATE/MINISTRY,9312901213,"Parliament House annexe, Sansad marg area, New Delhi"
18,AY57,Ayurveda,3,28.5735269197517,77.1761298,Unknown,DELHI/HQ/DIRECTORATE/MINISTRY,011-26175146,"CGHS Disp. Building, Sector  XII,  R.K. Puram"
18,AY67,Ayurveda,2,28.6308285820498,77.2771994674671,Unknown,DELHI/HQ/DIRECTORATE/MINISTRY,011-21210276,"2nd Floor, CGHS Building Laxmi Nagar, H-Block,  Vikas Marg (Near Metro Station),Laxmi Nagar"
18,AY80,Ayurveda,2,28.6456387461211,77.112305178197,Unknown,DELHI/HQ/DIRECTORATE/MINISTRY,25268410,BA BLOCK NEAR TAGORE GARDEN BUS STAND /METRO STATION
18,D104,Allopathy,4,28.4143180903287,77.3223557441776,Unknown,DELHI/HQ/DIRECTORATE/MINISTRY,0129-2987500,Zila Sainik Board 
18,D105,Allopathy,4,28.8378092825927,77.1058719916904,Unknown,DELHI/HQ/DIRECTORATE/MINISTRY,011-20872651,"Pocket -3, Sector B-4, Police Colony, Narela"
18,D12,Allopathy,7,28.5738609760317,77.2181200512101,Unknown,DELHI/HQ/DIRECTORATE/MINISTRY,20846045,"2nd Floor, NBCC Complex, Ashok Market, East Kidwai Nagar"
18,D15,Allopathy,5,28.5749768847322,77.2080940171908,Unknown,DELHI/HQ/DIRECTORATE/MINISTRY,26874643,"CGHS Disp. Building, Near Navyug School, Laxmibai Nagar"
18,D24,Allopathy,2,28.5778294411607,77.2246275306842,Unknown,DELHI/HQ/DIRECTORATE/MINISTRY,24622867,"CGHS Polyclinic, Kasturba Nagar"
18,D3,Allopathy,5,28.5928757582628,77.1206692904698,Unknown,DELHI/HQ/DIRECTORATE/MINISTRY,25692914,"Sadar Bazar, Delhi Cantt,Near Geeta Ashram"
18,D32,Allopathy,6,28.6099798298384,77.1987233558224,Unknown,DELHI/HQ/DIRECTORATE/MINISTRY,"23013490   , 21410364","153, South Avenue"
18,D43,Allopathy,4,28.5630179158852,77.1791681700612,Unknown,DELHI/HQ/DIRECTORATE/MINISTRY,26175132,"Q.No.289, 291, 293, 295, Sector  IV, R.K.Puram."
18,D5,Allopathy,6,28.6469861872715,77.209882,Unknown,DELHI/HQ/DIRECTORATE/MINISTRY,"23587511 ,23561574 ","3 & 4, Chitra Gupta Road"
18,D51,Allopathy,4,28.6433890249647,77.2084766441776,Unknown,DELHI/HQ/DIRECTORATE/MINISTRY,23676019  23620231,"CGHS Building, Near Aram Bagh, New Delhi"
18,D52,Allopathy,6,28.5717496457788,77.1670122116448,Unknown,DELHI/HQ/DIRECTORATE/MINISTRY,26173988,"CGHS Disp. Building, Sector -VIII, R.K. Puram."
18,D77,Allopathy,7,28.6054693524889,77.2943891693158,Unknown,DELHI/HQ/DIRECTORATE/MINISTRY,011-21200721,"CGHS WC, PratapNagar, Behind Jeewan Anmol Hospital, Mayur Vihar-Phase 1"
18,D8,Allopathy,2,28.6577261694318,77.2352737288355,Unknown,DELHI/HQ/DIRECTORATE/MINISTRY,011-23866292,"Near Moti Cinema, Chandni Chowk"
18,D81,Allopathy,4,28.6925620158542,77.1151720316557,Unknown,DELHI/HQ/DIRECTORATE/MINISTRY,27011222,"House No. 1 CGHS Building Parwana Road , Saraswati Vihar, Pitampura (Near Ashutosh Maharaj Ashram)"
18,D87,Allopathy,7,28.6810677181647,77.3139629018487,Unknown,DELHI/HQ/DIRECTORATE/MINISTRY,011-22596489,"Pocket-B, Near Sarvodaya Vidyalaya, Dilshad Garden"
18,D95,Allopathy,5,28.530055215259,77.3918596441776,Unknown,DELHI/HQ/DIRECTORATE/MINISTRY,0120-2568899,"Community Center I, Kendriya Vihar II, Plot 3, Sec. 82, Noida"
18,D96,Allopathy,3,28.554815502091,77.162973887993,Unknown,DELHI/HQ/DIRECTORATE/MINISTRY,20867589,"New CGHS Building (Near Mother dairy booth)  CPWD Colony, Vasant Vihar"
18,FAPMB,Allopathy,0,28.57843,77.17728,Unknown,DELHI/HQ/DIRECTORATE/MINISTRY,,CGHS First Aid Post 
18,HO19,Homeopathy,2,28.6595976020075,77.1878294260719,Unknown,DELHI/HQ/DIRECTORATE/MINISTRY,011-28724555 ,"Block M2-122,121 & M1-114,First floor, CPWD Residential complex, Multistorey Quarters, Dev Nagar"
18,HO42,Homeopathy,2,28.5397425147812,77.2594647288355,Unknown,DELHI/HQ/DIRECTORATE/MINISTRY,011-26430851,"CGHS Maternity Centre Building & Disp., Kalkaji"
18,HO57,Homeopathy,3,28.5734554768215,77.1760051945493,Unknown,DELHI/HQ/DIRECTORATE/MINISTRY,011-26172222,"CGHS Wellness Centre Building, Sec.-XII, R.K. Puram, "
18,UN13,Unani,2,28.5749279308544,77.2079126269869,Unknown,DELHI/HQ/DIRECTORATE/MINISTRY,011-24673551,"Qr. No. - 897 Type VI , Laxmi Bai  Nagar"
18,UN98,Unani,1,28.6250421412084,77.1435248223746,Unknown,DELHI/HQ/DIRECTORATE/MINISTRY,25778775,"CGHS WC, First Floor, C- Block, Naraina Vihar, New Delhi"
18,UPHA,Unani,0,,,Unknown,DELHI/HQ/DIRECTORATE/MINISTRY,9312901213,"Parliament House annexe, Sansad marg area, New Delhi"
18,,Allopathy,1,,,Unknown,DELHI/HQ/DIRECTORATE/MINISTRY,9312901213,
18,,Allopathy,1,,,Unknown,DELHI/HQ/DIRECTORATE/MINISTRY,,"Ex PM (M M Singh) 3, Motilal Nehru Place, Motilal Nehru Marg"
19,GK1,Allopathy,1,27.3453120536724,88.6068847865066,Unknown,Guwahati,"0359-2284041
","1st Floor, Kludong Khim, H/o Mr T.T. Lachungpa, Opp. DAC(East), Upper Schey, Doctor B.R. Ambedkar Road East Sikkim-737101"
19,GT5,Allopathy,1,26.1154143544069,91.7728364051838,Unknown,Guwahati,"0361-2236284
","A.G. Residential Complex, Beharbari,Guwahati-781029"
19,GT6,Homeopathy,1,26.152029274343,91.7915251153589,Unknown,Guwahati,"6291524028, 0361-
2232743","Shankar Dev Nagar, Near Housing Colony, Hengrabari Guwahati 781006"
19,GTITH1,Homeopathy,1,27.0923765587353,93.631077057671,Unknown,Guwahati,,"CGHS Wellness Centre, Doordarshan Maintenance Centre Building, Itafort South Gate, Itanagar-791111"
19,SCH1,Allopathy,2,24.8323616374729,92.7980855134934,Unknown,Guwahati,0384 2291610,"Quarter No.D2 & D3 (Behind POPSK), Cachar Postal Divisional Premises, 
Silchar(O/o the Superintendent of Post Offices Premises, Cachar Division), Silchar- 788001"
20,HY13,Allopathy,6,17.4022695875359,78.5580937963027,Unknown,Hyderabad,040-27209223,"User Interaction Window Complex (UIWC) Survey of India Campus, Beside
Union Bank of India, Uppal, Hyderabad 500039"
20,HY7,Allopathy,5,17.3715224725379,78.5010416269869,Unknown,Hyderabad,040-24529090,"H.No.16-3-994/1/A/1, Opp.Officers Mess, New Malakpet, Hyderabad- 500036"
20,HYA1,Ayurveda,2,17.4454809427166,78.4721901865066,Unknown,Hyderabad,040-27904259,Kendriya Swasthya Bhavan
21,JB1,Allopathy,5,23.1616381906704,79.9242503153421,Unknown,Jabalpur,0761-2410681,"1544/A, Ground Floor, Napier Town, Home Science College Road,
Jabalpur-482001, Madhya Pradesh"
21,JB5,Allopathy,2,23.2043610492271,80.0106861828092,Unknown,Jabalpur,0761-2430018,"Quarter No.MT/2, Type-V, Westland  Ordanace  Factory Khamariya ,
Jabalpur-482005, Madhya Pradesh"
22,JA1,Allopathy,3,26.918640641862,75.8211328306842,Unknown,Jaipur,0141-2329927,"1st Floor, Chandan Mahal"
22,JA5,Allopathy,6,25.1688582187745,75.8536413558224,Unknown,Jaipur,0141-2743263,"Income Tax Colony, Jyoti Nagar, Jaipur"
22,JA9,Homeopathy,2,26.8761661845077,75.8045898306842,Unknown,Jaipur,0141-2710021,"A.G.Colony, Bajaj Nagar, Jaipur"
23,KN2,Allopathy,2,26.4709766746476,80.3196277288355,Unknown,Kanpur,0512-2542379,"110/58, R.K. Nagar, Kanpur-208012"
23,KN9,Allopathy,2,26.4440705350399,80.2872861693158,Unknown,Kanpur,0512-2283399,"Plot No.8-11,  CGHS Ratan Lal Nagar, Kanpur"
23,KN9P,Allopathy,2,26.4440705350399,80.2872861693158,Unknown,Kanpur,0512-2283399,Plot No.8-11
23,KNH2,Homeopathy,1,26.4761710991378,80.3464644576711,Unknown,Kanpur,0512-2989987,"15/45 (A&B) Civil Lines, Kanpur"
24,JLP1,Allopathy,2,26.5212602958459,88.7278421134934,Unknown,Kolkata,03561-291055,"CGHS Wellness Center Jalpaiguri, Head Post Office Compound, Jalpaiguri, West Bengal - 7351010"
24,KO1,Allopathy,3,22.5304542443694,88.3327550116447,Unknown,Kolkata,033-24791153,"Flat no.68., Belvedere Estate, Kolkata-700027, Near Airpore Zoo/Command Hospital)"
24,KO10,Allopathy,5,22.5664070608056,88.3497904558224,Unknown,Kolkata,033-22622030,"6, Esplanade East ,Kolkata 700069"
24,KO13,Allopathy,5,22.6395111958583,88.4309992846579,Unknown,Kolkata,25119442,"New Quarters,Dum Dum, Kolkata  700052. (Nr. Airport Gate no-1)"
24,KO18,Allopathy,8,22.5713482118324,88.41665968836,Unknown,Kolkata,23353427,"CGHS POLYCLINIC COMPLEX 

"
24,KO2,Allopathy,3,22.5144741004542,88.3580774404803,Unknown,Kolkata,033-24661733,"Lake Govt. Qrts. Fl No.55 and 56 Southern Ave., Kolkata -7000029
 (Near Kamala Girl's School/ Vivekananda Park)"
24,KO20,Ayurveda,1,22.5712955873222,88.4165989576711,Unknown,Kolkata,23352801,"IC Block, CGHS Complex Salt Lake, Kolkata -700106 (Near Tank No.14)"
24,KO8,Allopathy,2,22.5757650877856,88.3608940441776,Unknown,Kolkata,033-25558034,"AIIH&PH Campus, (CR Avenue), 50 Colootula Street, Kolkata - 700073"
25,LK1,Allopathy,6,26.8633102068121,80.9954702711645,Unknown,Lucknow,0522-2723922,"B114-115, Vibhuti Khand, Gomti Nagar, Lucknow"
25,LK12,Unani,2,26.8436683772122,80.885169,Unknown,Lucknow,0522 2419754,C 3335 Meena Bakery Road Rajajipuram Lucknow 226017
26,MR1,Allopathy,4,28.997485601917,77.7023790846579,Unknown,Meerut,0121-2661739,"171/V, Abu Lane, Meerut Cantt."
26,MRA1,Ayurveda,2,28.997485601917,77.7023790846579,Unknown,Meerut,0121-2661739,"171/V, Abu Lane, Meerut Cantt."
27,GO1,Allopathy,2,15.4551849862143,73.845285747875,Unknown,Mumbai,8322458566,"D II (A,B & C) HPT, Air Staff Quarters Complex, Bambolim, Goa -403206"
27,MU12,Allopathy,7,19.2143794763579,73.1858124458471,Unknown,Mumbai,0251-2600858,"Old primary School, Ordinance  Estate, Ambarnath,  Thane 421502"
27,MU15,Allopathy,1,19.0451846188886,72.9187779,Unknown,Mumbai,022-25512137,"Deonar Post Office Bldg Telecom Factory, Town ship compound, Deonar, Mumbai- 400088
"
27,MU29,Allopathy,0,18.9398435971728,72.8277482729264,Unknown,Mumbai,022-22004509,"Old CGO Building (PratishthaBhawan), Ground Floor, South Wing, 101,
M.K. Road, New Marine Lines, Mumbai 400020"
27,MU3,Allopathy,2,19.0034344658338,72.813868504928,Unknown,Mumbai,022-24932909,"25-C, Ground Floor CGHS Building"
27,MU5,Allopathy,6,19.103847378914,72.8573996531448,Unknown,Mumbai,022-28210971,"Near Airport colony, Bamanawada, Santacruz (w),Mumbai-400029"
27,MUH2,Homeopathy,1,19.0903953498122,72.9100234252952,Unknown,Mumbai,022-25149229,"Flat No.25, Central Govt. Qrts, Ghatkopar"
28,NP10,Allopathy,2,21.1550969845908,78.9973157408613,Unknown,Nagpur,07104-224660,"Plot no.75, Shri. Raghunath Shelke's House, Gajanan Society,
Dattawadi, Amravati Road, Nagpur-440023."
28,NP8,Allopathy,5,21.1140811208444,79.0694768789504,Unknown,Nagpur,0712- 2226516,"Laxman Aptt, Beside Sai Mandir, Wardha Road, Nagpur- 440015"
28,NPH2,Homeopathy,2,21.1587152304248,79.0574880907566,Unknown,Nagpur,0712-2955004,Opposite CBI Quarters
29,GAY1,Allopathy,1,24.7859705398406,84.9880530288355,Unknown,Patna,0631-2222257,"CGHS W.C., SSPO Office, Near V.C. Residance AP Coloney, Gaya- 823001"
29,PA1,Allopathy,9,25.607720162444,85.1335801865066,Unknown,Patna,0612-2950017,"Budhmarg,  Patna-800001"
29,PA2,Allopathy,2,25.6024296988134,85.1549217288355,Unknown,Patna,"0612-2351484, 2950640","G-3, People's Cooperative Colony, Kankarbagh, Patna-800020"
29,PA3,Allopathy,5,25.6291364553418,85.0845338134934,Unknown,Patna,0612-2950298,"Central Revenue Colony, Salimpur Dumra, Ashiana Nagar, Patna"
29,PA5,Allopathy,1,25.6100593083616,85.2062348423289,Unknown,Patna,0612-2638950,"Suryanchal, Bhadraghat, SDO Lane, Gulzarbagh, Patna City, Patna"
29,PA8,Homeopathy,2,25.6024296988134,85.1549217288355,Unknown,Patna,0612-2351484,"G-3, People's Cooperative Colony, Kankarbagh, Patna-800020"
30,PU07,Allopathy,8,18.4948998300756,73.8600154865066,Unknown,Pune,020-24266402,"Ground Floor, Swasthya Sadan, Mukundnagar, Pune-411 037."
30,PUA07,Ayurveda,2,18.4948998300756,73.8600154865066,Unknown,Pune,,Ground Floor
31,RA1,Allopathy,4,23.3444791895952,85.3183860846579,Unknown,Ranchi,0651-2481901,"New A.G. Colony Doranda, Ranchi, Jharkhand"
32,IM2,Homeopathy,1,24.7980977745155,93.951659609478,Unknown,Shillong,0385-2442104,"CMO In-chare, CGHS WC, Imphal,Gr. Floor Building of Manipur Voluntery Health Association ((MVHA) Wangkheri Ningthem Pukhri, Mapan, Imphal East Manipur - 795001"
33,COH1,Allopathy,2,9.97510918303455,76.2953916441776,Unknown,Trivandrum,0484- 2954646,"O/o CMO I/C, E-01/ Type V, BSNL quarters"
33,TR3,Allopathy,3,8.49884108188527,76.9473491693158,Unknown,Trivandrum,0471-2471143,"O/o CMO I/C,  P S Towers, Tutors Lane, Statue, GPO, Trivandrum 695001"
